codigo,codigos_alternos,slug,nombre,marca,linea,concentracion,genero,familia,precio_100ml,precios,rebaja,mls,salida,corazon,fondo,corta,larga,badges,duracion,estela,ocasion,destacado,anio,origen,agotado,visible,nota
0001,,lattafa-yara,Yara,lattafa,,Eau de Parfum,Mujer,Gourmand,569,100:569,,100,,,,,,Más vendido,3,3,,si,,,,si,
0002,,lattafa-asad,Asad,lattafa,,Eau de Parfum,Hombre,Especiado,569,100:569,,100,,,,,,Más vendido,3,3,,si,,,,si,
0003,,lattafa-asad-zanzibar,Asad Zanzibar,lattafa,,Eau de Parfum,Hombre,Especiado,569,100:569,,100,,,,,,,3,3,,,,,,si,
0004,,lattafa-yara-candy,Yara Candy,lattafa,,Eau de Parfum,Mujer,Gourmand,569,100:569,,100,,,,,,,3,3,,,,,,si,
0005,,lattafa-yara-tous,Yara Tous,lattafa,,Eau de Parfum,Mujer,Gourmand,569,100:569,,100,,,,,,Más vendido,3,3,,si,,,,si,
0006,,lattafa-yara-moi,Yara Moi,lattafa,,Eau de Parfum,Mujer,Floral,569,100:569,,100,,,,,,,3,3,,,,,,si,
0007,,lattafa-khamrah,Khamrah,lattafa,,Eau de Parfum,Unisex,Oriental,609,100:609,,100,,,,,,Más vendido,3,3,,si,,,,si,
0008,,lattafa-khamrah-qahwa,Khamrah Qahwa,lattafa,,Eau de Parfum,Unisex,Gourmand,609,100:609,,100,,,,,,,3,3,,,,,,si,
0009,,lattafa-fakhar-men,Fakhar Men,lattafa,,Eau de Parfum,Hombre,Fougère,589,100:589,,100,,,,,,,3,3,,,,,,si,
0010,,lattafa-fakhar-rose,Fakhar Rose,lattafa,,Eau de Parfum,Mujer,Floral,589,100:589,,100,,,,,,,3,3,,,,,,si,
0011,,orientica-royal-amber-80-ml,Royal Amber,orientica,,Eau de Parfum,Unisex,Oriental,,80:609,,80,,,,,,,3,3,,,,,,si,
0012,,rasasi-hawas-for-him,Hawas for Him,rasasi,,Eau de Parfum,Hombre,Acuático,589,100:589,,100,,,,,,,3,3,,,,,,si,
0013,,versace-eros-eau-de-toilette,Eros Eau de Toilette,versace,,Eau de Toilette,Hombre,Fougère,539,100:539,,100,,,,,,,3,3,,,,,si,si,
0014,,versace-eros-flame,Eros Flame,versace,,Eau de Parfum,Hombre,Amaderado,539,100:539,,100,,,,,,,3,3,,,,,si,si,
0015,,armaf-club-de-nuit-intense-man-105-ml,Club de Nuit Intense Man,armaf,,Eau de Toilette,Hombre,Chipre,,105:569,,105,,,,,,Más vendido,3,3,,si,,,,si,
0016,,armaf-club-de-nuit-woman-105-ml,Club de Nuit Woman,armaf,,Eau de Parfum,Mujer,Chipre,,105:569,,105,,,,,,,3,3,,,,,,si,
0017,0371,dior-sauvage,Sauvage,dior,,Eau de Toilette,Hombre,Fougère,539,100:539,,100,,,,,,Más vendido,3,3,,si,,,,si,Dos códigos en la misma fila
0018,,katy-perry-purr,Purr,katy-perry,,Eau de Parfum,Mujer,Floral,549,100:549,,100,,,,,,,3,3,,,,,,si,
0019,,ariana-grande-cloud,Cloud,ariana-grande,,Eau de Parfum,Mujer,Gourmand,589,100:589,,100,,,,,,,3,3,,,,,,si,
0020,,britney-spears-fantasy,Fantasy,britney-spears,,Eau de Parfum,Mujer,Gourmand,539,100:539,,100,,,,,,,3,3,,,,,si,si,
0021,,lancome-miracle,Miracle,lancome,,Eau de Parfum,Mujer,Floral,589,100:589,,100,,,,,,,3,3,,,,,,si,
0022,,chanel-coco-mademoiselle,Coco Mademoiselle,chanel,,Eau de Parfum,Mujer,Chipre,589,100:589,,100,,,,,,,3,3,,,,,,si,
0023,,dolce-gabbana-light-blue-summer-vibes,Light Blue Summer Vibes,dolce-gabbana,,Eau de Toilette,Mujer,Cítrico,589,100:589,,100,,,,,,,3,3,,,,,si,si,
0025,,lattafa-rave-now-black,Rave Now Black,lattafa,,Eau de Parfum,Hombre,Amaderado,539,100:539,,100,,,,,,,3,3,,,,,,si,
0026,,lattafa-rave-now-white,Rave Now White,lattafa,,Eau de Parfum,Unisex,Floral,539,100:539,,100,,,,,,,3,3,,,,,,si,
0027,,lattafa-qaed-al-fursan,Qaed Al Fursan,lattafa,,Eau de Parfum,Hombre,Cítrico,539,100:539,,100,,,,,,,3,3,,,,,,si,
0028,0297,afnan-9pm,9pm,afnan,,Eau de Parfum,Hombre,Oriental,589,100:589,,100,,,,,,Más vendido,3,3,,si,,,,si,"La celda dice ""Con caja de regalo: 235 pesos / Versión normal: 215 pesos"" pero el precio es 589"
0029,,chanel-bleu-de-chanel-eau-de-toilette,Bleu de Chanel Eau de Toilette,chanel,,Eau de Toilette,Hombre,Amaderado,539,100:539,,100,,,,,,,3,3,,,,,,si,
0030,,dolce-gabbana-light-blue,Light Blue,dolce-gabbana,,Eau de Toilette,Mujer,Cítrico,539,100:539,,100,,,,,,,3,3,,,,,,si,"El nombre no dice Light Blue; la foto sí"
0031,,lattafa-bade-e-al-oud-sublime,Bade'e Al Oud Sublime,lattafa,,Eau de Parfum,Unisex,Oriental,569,100:569,,100,,,,,,,3,3,,,,,,si,
0032,,lattafa-bade-e-al-oud-for-glory,Bade'e Al Oud for Glory,lattafa,,Eau de Parfum,Unisex,Amaderado,569,100:569,,100,,,,,,,3,3,,,,,,si,Nombre cortado
0033,,versace-bright-crystal,Bright Crystal,versace,,Eau de Toilette,Mujer,Floral,539,100:539,,100,,,,,,,3,3,,,,,,si,
0034,,versace-yellow-diamond-90-ml,Yellow Diamond,versace,,Eau de Toilette,Mujer,Floral,,90:539,,90,,,,,,,3,3,,,,,si,si,
0035,,montblanc-legend-spirit,Legend Spirit,montblanc,,Eau de Toilette,Hombre,Fougère,539,100:539,,100,,,,,,,3,3,,,,,si,si,
0036,,lacoste-touch-of-pink-90-ml,Touch of Pink,lacoste,,Eau de Toilette,Mujer,Floral,,90:599,,90,,,,,,,3,3,,,,,si,si,
0037,,burberry-brit-sheer,Brit Sheer,burberry,,Eau de Toilette,Mujer,Floral,599,100:599,,100,,,,,,,3,3,,,,,,si,
0038,,issey-miyake-l-eau-d-issey,L'Eau d'Issey,issey-miyake,,Eau de Toilette,Mujer,Floral,599,100:599,,100,,,,,,,3,3,,,,,,si,
0039,,afnan-9am-dive,9am Dive,afnan,,Eau de Parfum,Unisex,Acuático,609,100:609,,100,,,,,,,3,3,,,,,,si,
0040,,paco-rabanne-invictus,Invictus,paco-rabanne,,Eau de Toilette,Hombre,Acuático,539,100:539,,100,,,,,,Más vendido,3,3,,si,,,,si,
0041,,versace-pour-homme,Pour Homme,versace,,Eau de Toilette,Hombre,Fougère,539,100:539,,100,,,,,,,3,3,,,,,,si,
0042,,jean-paul-gaultier-le-male-125-ml,Le Male,jean-paul-gaultier,,Eau de Toilette,Hombre,Fougère,,125:569,,125,,,,,,,3,3,,,,,,si,
0043,,versace-eros-eau-de-parfum,Eros Eau de Parfum,versace,,Eau de Parfum,Hombre,Fougère,539,100:539,,100,,,,,,,3,3,,,,,si,si,Misma foto que 0013 (Eros EDT)
0044,,versace-man-eau-fraiche,Man Eau Fraîche,versace,,Eau de Toilette,Hombre,Acuático,539,100:539,,100,,,,,,,3,3,,,,,,si,
0045,,giorgio-armani-acqua-di-gio-profondo-0045,Acqua di Giò Profondo,giorgio-armani,,Eau de Parfum,Hombre,Acuático,539,100:539,,100,,,,,,,3,3,,,,,si,no,"Se repite como 0321 (disponible) · Oculto: Mismo producto que 0321 (Acqua di Giò Profondo). Se publica 0321, que está disponible"
FT046,,valentino-uomo-born-in-roma,Uomo Born in Roma,valentino,,Eau de Toilette,Hombre,Amaderado,569,100:569,,100,,,,,,,3,3,,,,,,si,Código con prefijo FT
FT047,,valentino-uomo-born-in-roma-coral-fantasy,Uomo Born in Roma Coral Fantasy,valentino,,Eau de Toilette,Hombre,Fougère,569,100:569,,100,,,,,,,3,3,,,,,,si,"Nombre cortado en el catálogo; variante deducida de la foto — confirmar"
0048,,ariana-grande-thank-u-next,"Thank U, Next",ariana-grande,,Eau de Parfum,Mujer,Gourmand,569,100:569,,100,,,,,,,3,3,,,,,,si,
0049,,moschino-toy-2-bubble-gum,Toy 2 Bubble Gum,moschino,,Eau de Toilette,Mujer,Floral,549,100:549,,100,,,,,,,3,3,,,,,,si,
0050,,moschino-toy-2,Toy 2,moschino,,Eau de Parfum,Mujer,Floral,549,100:549,,100,,,,,,,3,3,,,,,,si,
0051,,calvin-klein-ck-one,CK One,calvin-klein,,Eau de Toilette,Unisex,Cítrico,529,100:529,,100,,,,,,,3,3,,,,,,si,
0052,,calvin-klein-ck-be,CK Be,calvin-klein,,Eau de Toilette,Unisex,Fougère,529,100:529,,100,,,,,,,3,3,,,,,,si,
0053,,armaf-club-de-nuit-urban-man-105-ml,Club de Nuit Urban Man,armaf,,Eau de Parfum,Hombre,Amaderado,,105:549,,105,,,,,,,3,3,,,,,,si,
0054,,versace-dylan-blue-pour-homme,Dylan Blue Pour Homme,versace,,Eau de Toilette,Hombre,Fougère,539,100:539,,100,,,,,,,3,3,,,,,,si,
0055,,versace-crystal-noir-90-ml,Crystal Noir,versace,,Eau de Toilette,Mujer,Oriental,,90:539,,90,,,,,,,3,3,,,,,si,si,
0056,,versace-dylan-turquoise,Dylan Turquoise,versace,,Eau de Toilette,Mujer,Cítrico,539,100:539,,100,,,,,,,3,3,,,,,si,si,
0057,,armaf-club-de-nuit-sillage-105-ml-0057,Club de Nuit Sillage,armaf,,Eau de Parfum,Hombre,Cítrico,,105:569,,105,,,,,,,3,3,,,,,,no,"Se repite como 0160 con otro precio (619) · Oculto: Duplicado de 0160 (Club de Nuit Sillage) con otro precio: $569 contra $619. Se publica 0160; confirmar precio"
0059,,dolce-gabbana-light-blue-125-ml,Light Blue,dolce-gabbana,,Eau de Toilette,Mujer,Cítrico,,125:539,,125,,,,,,,3,3,,,,,si,si,
0060,,ariana-grande-sweet-like-candy,Sweet Like Candy,ariana-grande,,Eau de Parfum,Mujer,Gourmand,539,100:539,,100,,,,,,,3,3,,,,,,si,
0061,,yves-saint-laurent-y,Y,yves-saint-laurent,,Eau de Parfum,Hombre,Fougère,539,100:539,,100,,,,,,,3,3,,,,,,si,
0062,,giorgio-armani-acqua-di-gio,Acqua di Giò,giorgio-armani,,Eau de Toilette,Hombre,Acuático,549,100:549,,100,,,,,,,3,3,,,,,,si,
0063,,rasasi-hawas-ice,Hawas Ice,rasasi,,Eau de Parfum,Hombre,Acuático,604,100:604,,100,,,,,,,3,3,,,,,,si,
0066,,moschino-toy-boy,Toy Boy,moschino,,Eau de Parfum,Hombre,Especiado,549,100:549,,100,,,,,,,3,3,,,,,si,si,Nombre incompleto
0067,,ariana-grande-moonlight,Moonlight,ariana-grande,,Eau de Parfum,Mujer,Gourmand,539,100:539,,100,,,,,,,3,3,,,,,,si,
0068,,cacharel-amor-amor,Amor Amor,cacharel,,Eau de Toilette,Mujer,Floral,539,100:539,,100,,,,,,,3,3,,,,,,si,
0069,,katy-perry-meow,Meow,katy-perry,,Eau de Parfum,Mujer,Gourmand,549,100:549,,100,,,,,,,3,3,,,,,,si,
0070,,lattafa-eclaire,Éclaire,lattafa,,Eau de Parfum,Mujer,Gourmand,619,100:619,,100,,,,,,,3,3,,,,,,si,
0071,,rasasi-hawas-black,Hawas Black,rasasi,,Eau de Parfum,Hombre,Amaderado,589,100:589,,100,,,,,,,3,3,,,,,,si,
0072,,rasasi-hawas-fire,Hawas Fire,rasasi,,Eau de Parfum,Hombre,Especiado,589,100:589,,100,,,,,,,3,3,,,,,,si,
0073,0329,armaf-odyssey-mandarin-sky,Odyssey Mandarin Sky,armaf,,Eau de Parfum,Hombre,Gourmand,609,100:609,,100,,,,,,,3,3,,,,,,si,Dos códigos en la misma fila
0074,,lattafa-her-confession,Her Confession,lattafa,,Eau de Parfum,Mujer,Oriental,725,100:725,,100,,,,,,,3,3,,,,,,si,
0075,,lattafa-his-confession,His Confession,lattafa,,Eau de Parfum,Hombre,Oriental,725,100:725,,100,,,,,,,3,3,,,,,,si,
0076,,paris-corner-khair-confection,Khair Confection,paris-corner,,Eau de Parfum,Unisex,Gourmand,589,100:589,,100,,,,,,,3,3,,,,,si,si,
0077,,paris-corner-khair-pistachio,Khair Pistachio,paris-corner,,Eau de Parfum,Unisex,Gourmand,589,100:589,,100,,,,,,,3,3,,,,,si,si,
0078,,lattafa-teriaq,Teriaq,lattafa,,Eau de Parfum,Unisex,Gourmand,682,100:682,,100,,,,,,,3,3,,,,,si,si,
0079,,paris-hilton-for-men,for Men,paris-hilton,,Eau de Toilette,Hombre,Cítrico,569,100:569,,100,,,,,,,3,3,,,,,,si,
0080,,lattafa-rave-now-red,Rave Now Red,lattafa,,Eau de Parfum,Unisex,Oriental,539,100:539,,100,,,,,,,3,3,,,,,si,si,
0081,,davidoff-cool-water-125-ml,Cool Water,davidoff,,Eau de Toilette,Hombre,Acuático,,125:569,,125,,,,,,,3,3,,,,,,si,
0082,,jean-paul-gaultier-scandal-pour-homme,Scandal Pour Homme,jean-paul-gaultier,,Eau de Toilette,Hombre,Oriental,569,100:569,,100,,,,,,,3,3,,,,,,si,
0083,,perry-ellis-reserve-for-men,Reserve for Men,perry-ellis,,Eau de Toilette,Hombre,Amaderado,569,100:569,,100,,,,,,,3,3,,,,,si,si,
0084,,perry-ellis-360,360°,perry-ellis,,Eau de Toilette,Mujer,Floral,569,100:569,,100,,,,,,,3,3,,,,,,si,
0085,,perry-ellis-360-red,360° Red,perry-ellis,,Eau de Parfum,Mujer,Floral,569,100:569,,100,,,,,,,3,3,,,,,si,si,
0086,,calvin-klein-eternity-for-women,Eternity for Women,calvin-klein,,Eau de Parfum,Mujer,Floral,569,100:569,,100,,,,,,,3,3,,,,,si,si,
0087,,dkny-be-delicious-fresh-blossom,Be Delicious Fresh Blossom,dkny,,Eau de Parfum,Mujer,Floral,569,100:569,,100,,,,,,,3,3,,,,,,si,
0088,,valentino-uomo-born-in-roma-intense,Uomo Born in Roma Intense,valentino,,Eau de Parfum,Hombre,Oriental,569,100:569,,100,,,,,,,3,3,,,,,,si,
0092,,chanel-bleu-de-chanel-eau-de-parfum,Bleu de Chanel Eau de Parfum,chanel,,Eau de Parfum,Hombre,Amaderado,539,100:539,,100,,,,,,Más vendido,3,3,,si,,,,si,
0093,,armaf-odyssey-mega,Odyssey Mega,armaf,,Eau de Parfum,Hombre,Cítrico,609,100:609,,100,,,,,,,3,3,,,,,,si,
0094,,orientica-oud-saffron,Oud Saffron,orientica,,Eau de Parfum,Unisex,Especiado,609,100:609,,100,,,,,,,3,3,,,,,si,si,
0095,,orientica-amber-rouge,Amber Rouge,orientica,,Eau de Parfum,Unisex,Oriental,609,100:609,,100,,,,,,,3,3,,,,,,si,
0096,,orientica-royal-blue,Royal Blue,orientica,,Eau de Parfum,Unisex,Oriental,609,100:609,,100,,,,,,,3,3,,,,,,si,
0097,,lattafa-musamam,Musamam,lattafa,,Eau de Parfum,Unisex,Oriental,646,100:646,,100,,,,,,,3,3,,,,,,si,
0098,,lattafa-musamam-white-intense,Musamam White Intense,lattafa,,Eau de Parfum,Unisex,Oriental,646,100:646,,100,,,,,,,3,3,,,,,,si,
0099,0390,le-labo-santal-33,Santal 33,le-labo,,Eau de Parfum,Unisex,Amaderado,589,100:589,,100,,,,,,,3,3,,,,,si,si,Dos códigos en la misma fila
0100,,armaf-odyssey-candee,Odyssey Candee,armaf,,Eau de Parfum,Mujer,Gourmand,609,100:609,,100,,,,,,,3,3,,,,,,si,
0101,,asdaaf-ameer-al-arab,Ameer Al Arab,asdaaf,,Eau de Parfum,Hombre,Oriental,569,100:569,,100,,,,,,,3,3,,,,,,si,
0102,,asdaaf-ameerat-al-arab,Ameerat Al Arab,asdaaf,,Eau de Parfum,Mujer,Floral,569,100:569,,100,,,,,,,3,3,,,,,,si,
0103,,asdaaf-ameerat-al-arab-prive-rose,Ameerat Al Arab Privé Rose,asdaaf,,Eau de Parfum,Mujer,Floral,569,100:569,,100,,,,,,,3,3,,,,,,si,
0104,,asdaaf-ameer-al-arab-imperium,Ameer Al Arab Imperium,asdaaf,,Eau de Parfum,Hombre,Amaderado,569,100:569,,100,,,,,,,3,3,,,,,,si,
0105,,jean-paul-gaultier-ultra-male-125-ml,Ultra Male,jean-paul-gaultier,,Eau de Toilette,Hombre,Gourmand,,125:558,,125,,,,,,,3,3,,,,,,si,
0106,,dkny-be-delicious,Be Delicious,dkny,,Eau de Parfum,Mujer,Floral,569,100:569,,100,,,,,,,3,3,,,,,,si,
0107,,lattafa-asad-bourbon,Asad Bourbon,lattafa,,Eau de Parfum,Hombre,Especiado,569,100:569,,100,,,,,,,3,3,,,,,,si,
0108,,ariana-grande-ari,Ari,ariana-grande,,Eau de Parfum,Mujer,Gourmand,569,100:569,,100,,,,,,,3,3,,,,,si,si,
0111,,gissah-la-luna-200-ml,La Luna,gissah,,Eau de Parfum,Unisex,Oriental,,200:719,,200,,,,,,,3,3,,,,,,si,
0112,,gissah-hudson-valley-200-ml,Hudson Valley,gissah,,Eau de Parfum,Unisex,Amaderado,,200:719,,200,,,,,,,3,3,,,,,,si,
0113,,lattafa-ra-ed-luxe-gold,Ra'ed Luxe Gold,lattafa,,Eau de Parfum,Unisex,Oriental,609,100:609,,100,,,,,,,3,3,,,,,,si,
0115,,davidoff-cool-water-woman,Cool Water Woman,davidoff,,Eau de Toilette,Mujer,Acuático,609,100:609,,100,,,,,,,3,3,,,,,,si,
0116,,dior-fahrenheit,Fahrenheit,dior,,Eau de Toilette,Hombre,Amaderado,609,100:609,,100,,,,,,,3,3,,,,,,si,
0117,,ralph-lauren-polo-sport-125-ml,Polo Sport,ralph-lauren,,Eau de Toilette,Hombre,Acuático,,125:609,,125,,,,,,,3,3,,,,,,si,
0119,,salvatore-ferragamo-incanto-shine,Incanto Shine,salvatore-ferragamo,,Eau de Toilette,Mujer,Floral,609,100:609,,100,,,,,,,3,3,,,,,,si,
0120,,clinique-happy-for-men,Happy for Men,clinique,,Eau de Cologne,Hombre,Cítrico,609,100:609,,100,,,,,,,3,3,,,,,si,si,
0121,,lacoste-l-12-12-blanc,L.12.12 Blanc,lacoste,,Eau de Toilette,Hombre,Cítrico,609,100:609,,100,,,,,,,3,3,,,,,si,si,
0122,,creed-aventus,Aventus,creed,,Eau de Parfum,Hombre,Chipre,612,100:612,,100,,,,,,,3,3,,,,,,si,
0123,,nautica-voyage,Voyage,nautica,,Eau de Toilette,Hombre,Acuático,534,100:534,,100,,,,,,,3,3,,,,,,si,
0124,,armaf-club-de-nuit-iconic-105-ml,Club de Nuit Iconic,armaf,,Eau de Parfum,Hombre,Amaderado,,105:619,,105,,,,,,,3,3,,,,,,si,
0126,,lattafa-nombre-por-confirmar-0126,(nombre por confirmar),lattafa,,Eau de Parfum,Unisex,Oriental,589,100:589,,100,,,,,,,3,3,,,,,,no,"Nombre incompleto: sólo dice ""Edp Lattafa, 100"" · Oculto: Nombre incompleto en el PDF («Edp Lattafa, 100»): falta identificarlo"
0127,,lattafa-nombre-por-confirmar-0127,(nombre por confirmar),lattafa,,Eau de Parfum,Mujer,Floral,589,100:589,,100,,,,,,,3,3,,,,,si,no,"Nombre incompleto: sólo dice ""Edp Lattafa, 100"" · Oculto: Nombre incompleto en el PDF («Edp Lattafa, 100»): falta identificarlo"
0128,,sultan-al-quloob,Sultan Al Quloob,otras-casas,,Eau de Parfum,Unisex,Oriental,543,100:543,,100,,,,,,,3,3,,,,,,si,
0129,,lattafa-musk-mood,Musk Mood,lattafa,,Eau de Parfum,Unisex,Floral,589,100:589,,100,,,,,,,3,3,,,,,si,si,
0130,,lattafa-oud-mood-elixir,Oud Mood Elixir,lattafa,,Eau de Parfum,Unisex,Amaderado,589,100:589,,100,,,,,,,3,3,,,,,,si,
0131,,lattafa-oud-mood-reminiscence,Oud Mood Reminiscence,lattafa,,Eau de Parfum,Unisex,Amaderado,589,100:589,,100,,,,,,,3,3,,,,,,si,
0132,,lattafa-khamrah-50-ml,Khamrah,lattafa,,Eau de Parfum,Unisex,Oriental,,50:529,,50,,,,,,,3,3,,,,,,si,
0133,,lattafa-khamrah-qahwa-50-ml,Khamrah Qahwa,lattafa,,Eau de Parfum,Unisex,Gourmand,,50:529,,50,,,,,,,3,3,,,,,,si,
0134,,lattafa-khamrah-dukhan-50-ml,Khamrah Dukhan,lattafa,,Eau de Parfum,Unisex,Especiado,,50:529,,50,,,,,,,3,3,,,,,,si,
0136,,valentino-donna-born-in-roma-intense,Donna Born in Roma Intense,valentino,,Eau de Parfum,Mujer,Oriental,569,100:569,,100,,,,,,,3,3,,,,,si,si,
0137,,valentino-donna-born-in-roma-pink-pp,Donna Born in Roma Pink PP,valentino,,Eau de Parfum,Mujer,Floral,569,100:569,,100,,,,,,,3,3,,,,,,si,
0138,,valentino-donna-born-in-roma-the-gold,Donna Born in Roma The Gold,valentino,,Eau de Parfum,Mujer,Floral,569,100:569,,100,,,,,,,3,3,,,,,,si,
0139,,valentino-donna-born-in-roma-coral-fantasy,Donna Born in Roma Coral Fantasy,valentino,,Eau de Parfum,Mujer,Floral,569,100:569,,100,,,,,,,3,3,,,,,,si,
0140,,valentino-uomo-born-in-roma-the-gold,Uomo Born in Roma The Gold,valentino,,Eau de Toilette,Hombre,Amaderado,569,100:569,,100,,,,,,,3,3,,,,,,si,
0141,,perry-ellis-360-for-men,360° for Men,perry-ellis,,Eau de Toilette,Hombre,Fougère,569,100:569,,100,,,,,,,3,3,,,,,,si,
0142,,perry-ellis-reserve,Reserve,perry-ellis,,Eau de Toilette,Hombre,Amaderado,569,100:569,,100,,,,,,,3,3,,,,,,si,
0144,,jean-paul-gaultier-scandal-pour-homme-intense,Scandal Pour Homme Intense,jean-paul-gaultier,,Eau de Parfum,Hombre,Oriental,569,100:569,,100,,,,,,,3,3,,,,,,si,
0145,,chanel-coco-mademoiselle-l-eau-privee,Coco Mademoiselle L'Eau Privée,chanel,,Eau de Toilette,Mujer,Floral,589,100:589,,100,,,,,,,3,3,,,,,si,si,
0146,0373,dior-sauvage-parfum,Sauvage Parfum,dior,,Parfum,Hombre,Amaderado,539,100:539,,100,,,,,,,3,3,,,,,,si,Dos códigos en la misma fila
0147,,lancome-la-vie-est-belle,La Vie Est Belle,lancome,,Eau de Parfum,Mujer,Gourmand,534,100:534,,100,,,,,,Más vendido,3,3,,si,,,,si,
0148,,hugo-boss-hugo-just-different-125-ml,Hugo Just Different,hugo-boss,,Eau de Toilette,Hombre,Fougère,,125:534,,125,,,,,,,3,3,,,,,,si,
0149,,armaf-odyssey-limoni-fresh,Odyssey Limoni Fresh,armaf,,Eau de Parfum,Hombre,Cítrico,609,100:609,,100,,,,,,,3,3,,,,,,si,
0150,,armaf-odyssey-spectra,Odyssey Spectra,armaf,,Eau de Parfum,Hombre,Amaderado,609,100:609,,100,,,,,,,3,3,,,,,,si,
0151,,armaf-odyssey-dubai-chocolat,Odyssey Dubai Chocolat,armaf,,Eau de Parfum,Unisex,Gourmand,609,100:609,,100,,,,,,,3,3,,,,,,si,
0152,,hugo-boss-hugo-iced-125-ml,Hugo Iced,hugo-boss,,Eau de Toilette,Hombre,Acuático,,125:534,,125,,,,,,,3,3,,,,,,si,
0153,,hugo-boss-hugo-man-125-ml,Hugo Man,hugo-boss,,Eau de Toilette,Hombre,Fougère,,125:534,,125,,,,,,,3,3,,,,,si,si,
0154,,jean-paul-gaultier-le-beau-le-parfum-intense-125-ml,Le Beau Le Parfum Intense,jean-paul-gaultier,,Eau de Parfum,Hombre,Oriental,,125:599,,125,,,,,,,3,3,,,,,,si,
0155,,jean-paul-gaultier-le-male-le-parfum-125-ml,Le Male Le Parfum,jean-paul-gaultier,,Eau de Parfum,Hombre,Oriental,,125:599,,125,,,,,,,3,3,,,,,,si,
0156,,jean-paul-gaultier-le-male-elixir-125-ml,Le Male Elixir,jean-paul-gaultier,,Parfum,Hombre,Oriental,,125:599,,125,,,,,,,3,3,,,,,,si,
0157,,jean-paul-gaultier-le-beau-flower-edition,Le Beau Flower Edition,jean-paul-gaultier,,Eau de Parfum,Hombre,Floral,599,100:599,,100,,,,,,,3,3,,,,,si,si,
0158,0399,armaf-club-de-nuit-urban-man-elixir-105-ml,Club de Nuit Urban Man Elixir,armaf,,Eau de Parfum,Hombre,Amaderado,,105:569,,105,,,,,,,3,3,,,,,,si,Dos códigos en la misma fila
0159,,bond-no-9-bleecker-street,Bleecker Street,bond-no-9,,Eau de Parfum,Unisex,Amaderado,589,100:589,,100,,,,,,,3,3,,,,,,si,
0160,,armaf-club-de-nuit-sillage-105-ml,Club de Nuit Sillage,armaf,,Eau de Parfum,Hombre,Cítrico,,105:619,,105,,,,,,,3,3,,,,,,si,"Mismo producto que 0057, que cuesta 569"
0161,,montblanc-explorer,Explorer,montblanc,,Eau de Parfum,Hombre,Amaderado,560,100:560,,100,,,,,,,3,3,,,,,,si,
0162,,afnan-9pm-elixir,9pm Elixir,afnan,,Parfum,Hombre,Oriental,609,100:609,,100,,,,,,,3,3,,,,,,si,
0163,,hugo-boss-boss-bottled-oud-saffron,Boss Bottled Oud Saffron,hugo-boss,,Eau de Parfum,Hombre,Especiado,551,100:551,,100,,,,,,,3,3,,,,,si,si,
0164,,hugo-boss-boss-bottled-absolu,Boss Bottled Absolu,hugo-boss,,Parfum,Hombre,Amaderado,551,100:551,,100,,,,,,,3,3,,,,,si,si,
0165,,hugo-boss-boss-bottled-bold-citrus,Boss Bottled Bold Citrus,hugo-boss,,Eau de Toilette,Hombre,Cítrico,551,100:551,,100,,,,,,,3,3,,,,,,si,
0166,,hugo-boss-boss-bottled-night,Boss Bottled Night,hugo-boss,,Eau de Toilette,Hombre,Amaderado,551,100:551,,100,,,,,,,3,3,,,,,,si,
0167,,paris-hilton-paris-hilton,Paris Hilton,paris-hilton,,Eau de Parfum,Mujer,Floral,569,100:569,,100,,,,,,,3,3,,,,,,si,
0168,,rasasi-hawas-tropical,Hawas Tropical,rasasi,,Eau de Parfum,Hombre,Cítrico,604,100:604,,100,,,,,,,3,3,,,,,,si,
0169,,lattafa-angham,Angham,lattafa,,Eau de Parfum,Unisex,Floral,609,100:609,,100,,,,,,,3,3,,,,,,si,
0170,,rasasi-hawas-for-her,Hawas for Her,rasasi,,Eau de Parfum,Mujer,Floral,604,100:604,,100,,,,,,,3,3,,,,,,si,
0171,,armaf-odyssey-wild-one-gold-edition,Odyssey Wild One Gold Edition,armaf,,Eau de Parfum,Hombre,Amaderado,609,100:609,,100,,,,,,,3,3,,,,,,si,
0172,,armaf-odyssey-aoud,Odyssey Aoud,armaf,,Eau de Parfum,Hombre,Amaderado,609,100:609,,100,,,,,,,3,3,,,,,,si,
0173,,armaf-odyssey-artisto-red-edition,Odyssey Artisto Red Edition,armaf,,Eau de Parfum,Hombre,Especiado,609,100:609,,100,,,,,,,3,3,,,,,,si,
0174,,armaf-odyssey-mandarin-sky-elixir,Odyssey Mandarin Sky Elixir,armaf,,Eau de Parfum,Hombre,Gourmand,609,100:609,,100,,,,,,,3,3,,,,,,si,
0175,,lattafa-hayaati,Hayaati,lattafa,,Eau de Parfum,Hombre,Amaderado,569,100:569,,100,,,,,,,3,3,,,,,,si,
0176,,lattafa-hayaati-al-maleky,Hayaati Al Maleky,lattafa,,Eau de Parfum,Unisex,Amaderado,569,100:569,,100,,,,,,,3,3,,,,,,si,
0180,,dumont-nitro-red,Nitro Red,dumont,,Eau de Parfum,Hombre,Especiado,646,100:646,,100,,,,,,,3,3,,,,,si,si,
0181,,dumont-nitro-green,Nitro Green,dumont,,Eau de Parfum,Hombre,Amaderado,646,100:646,,100,,,,,,,3,3,,,,,,si,El catálogo dice Nitro Green pero la caja de la foto dice Nitro Black
0185,,lattafa-give-me-gourmand-vanilla-freak,Give Me Gourmand Vanilla Freak,lattafa,,Eau de Parfum,Unisex,Gourmand,670,100:670,,100,,,,,,,3,3,,,,,,si,"Los 6 Give Me Gourmand (0185–0190) tienen el mismo nombre; variante leída en la caja"
0186,,lattafa-give-me-gourmand-variante-naranja-0186,Give Me Gourmand (variante naranja),lattafa,,Eau de Parfum,Unisex,Gourmand,670,100:670,,100,,,,,,,3,3,,,,,,no,Mismo nombre en 6 productos distintos (0185–0190) · Oculto: Give Me Gourmand naranja: la caja no se alcanza a leer
0187,,lattafa-give-me-gourmand-berry-on-top,Give Me Gourmand Berry on Top,lattafa,,Eau de Parfum,Unisex,Gourmand,670,100:670,,100,,,,,,,3,3,,,,,,si,"Los 6 Give Me Gourmand (0185–0190) tienen el mismo nombre; variante leída en la caja"
0188,,lattafa-give-me-gourmand-variante-morada-0188,Give Me Gourmand (variante morada),lattafa,,Eau de Parfum,Unisex,Gourmand,670,100:670,,100,,,,,,,3,3,,,,,,no,Mismo nombre en 6 productos distintos (0185–0190) · Oculto: Give Me Gourmand morado: la caja no se alcanza a leer
0189,,lattafa-give-me-gourmand-variante-chocolate-0189,Give Me Gourmand (variante chocolate),lattafa,,Eau de Parfum,Unisex,Gourmand,670,100:670,,100,,,,,,,3,3,,,,,,no,Mismo nombre en 6 productos distintos (0185–0190) · Oculto: Give Me Gourmand chocolate: la caja no se alcanza a leer
0190,,lattafa-give-me-gourmand-variante-cafe-0190,Give Me Gourmand (variante café),lattafa,,Eau de Parfum,Unisex,Gourmand,670,100:670,,100,,,,,,,3,3,,,,,,no,Mismo nombre en 6 productos distintos (0185–0190) · Oculto: Give Me Gourmand café: la caja no se alcanza a leer
0207,,lattafa-yara-variante-por-confirmar-0207,Yara (variante por confirmar),lattafa,,Eau de Parfum,Mujer,Gourmand,569,100:569,,100,,,,,,,3,3,,,,,,no,Nombre genérico · Oculto: El PDF solo dice «yara 100ml»: falta saber qué variante es
0208,,lattafa-asad-elixir,Asad Elixir,lattafa,,Eau de Parfum,Hombre,Especiado,569,100:569,,100,,,,,,,3,3,,,,,,si,"El catálogo sólo dice 'Asad Lattafa'; la caja dice Elixir"
0232,0330,armaf-odyssey-aqua,Odyssey Aqua,armaf,,Eau de Parfum,Unisex,Acuático,609,100:609,,100,,,,,,,3,3,,,,,,si,"El catálogo dice 'odyssey 100ml'; variante leída en la caja. Códigos escritos '330' y '232'"
0233,,armaf-odyssey-tyrant,Odyssey Tyrant,armaf,,Eau de Parfum,Hombre,Amaderado,609,100:609,,100,,,,,,,3,3,,,,,,si,"El catálogo dice 'odyssey 100ml'; variante leída en la caja"
0235,,armaf-odyssey-eau-de-montagne,Odyssey Eau de Montagne,armaf,,Eau de Parfum,Unisex,Acuático,609,100:609,,100,,,,,,,3,3,,,,,,si,"El catálogo dice 'odyssey 100ml'; variante leída en la caja"
0239,,armaf-odyssey-homme-0239,Odyssey Homme,armaf,,Eau de Parfum,Hombre,Especiado,609,100:609,,100,,,,,,,3,3,,,,,,no,"El catálogo dice 'odyssey 100ml'; la foto es la misma que 0234 · Oculto: Mismo producto que 0234 (Armaf Odyssey Homme), mismo precio. Se publica 0234"
0182,,french-avenue-vulcan-variante-turquesa-por-confirmar-0182,Vulcan (variante turquesa por confirmar),french-avenue,,Eau de Parfum,Unisex,Oriental,641,100:641,,100,,,,,,,3,3,,,,,,no,"Nombre genérico; 4 productos se llaman igual (0182, 0183, 0184, 0317) · Oculto: El PDF solo dice «Vulcan 100ml» (frasco turquesa): falta la variante"
0183,,french-avenue-vulcan-sable,Vulcan Sable,french-avenue,,Eau de Parfum,Unisex,Oriental,641,100:641,,100,,,,,,,3,3,,,,,,si,"Nombre genérico en el catálogo; variante leída en la caja"
0184,,french-avenue-vulcan-baie,Vulcan Baie,french-avenue,,Eau de Parfum,Unisex,Floral,641,100:641,,100,,,,,,,3,3,,,,,,si,"Nombre genérico en el catálogo; variante leída en la caja"
0220,,armaf-miss-armaf-dazzling,Miss Armaf Dazzling,armaf,,Eau de Parfum,Mujer,Floral,646,100:646,,100,,,,,,,3,3,,,,,,si,
0221,,armaf-miss-armaf-chic,Miss Armaf Chic,armaf,,Eau de Parfum,Mujer,Floral,646,100:646,,100,,,,,,,3,3,,,,,,si,
0222,,armaf-miss-armaf-mystique,Miss Armaf Mystique,armaf,,Eau de Parfum,Mujer,Oriental,646,100:646,,100,,,,,,,3,3,,,,,,si,
0223,,armaf-miss-armaf-grandeur,Miss Armaf Grandeur,armaf,,Eau de Parfum,Mujer,Floral,646,100:646,,100,,,,,,,3,3,,,,,,si,
0192,0375,xerjoff-erba-gold,Erba Gold,xerjoff,,Eau de Parfum,Unisex,Cítrico,646,100:646,,100,,,,,,,3,3,,,,,,si,"Sin nombre en el catálogo (la celda tiene una foto); la caja parece decir Erba Gold"
0193,,xerjoff-variante-por-confirmar-0193,(variante por confirmar),xerjoff,,Eau de Parfum,Unisex,Oriental,646,100:646,,100,,,,,,,3,3,,,,,,no,Nombre genérico · Oculto: El PDF solo dice «Xerjoff 100ml» (frasco dorado): falta la variante
0194,,xerjoff-erba-pura,Erba Pura,xerjoff,,Eau de Parfum,Unisex,Oriental,646,100:646,,100,,,,,,,3,3,,,,,,si,"El catálogo dice 'Xerjoff 100ml'; la caja dice Erba Pura. Duplica a 0229 (707, agotado)"
0229,,xerjoff-erba-pura-0229,Erba Pura,xerjoff,,Eau de Parfum,Unisex,Oriental,707,100:707,,100,,,,,,,3,3,,,,,si,no,· Oculto: Duplicado de 0194 (Xerjoff Erba Pura) con otro precio: $707 (agotado) contra $646. Se publica 0194
0225,,lattafa-fire-on-ice-110-ml,Fire on Ice,lattafa,,Eau de Parfum,Unisex,Oriental,,110:658,,110,,,,,,,3,3,,,,,,si,
ZZPP-A,,glassky,Glassky,otras-casas,,Eau de Parfum,Unisex,Oriental,529,100:529,,100,,,,,,,3,3,,,,,,si,Código con formato distinto
0249,,afnan-9pm-rebel,9pm Rebel,afnan,,Eau de Parfum,Hombre,Oriental,609,100:609,,100,,,,,,,3,3,,,,,,si,
0247,,carolina-herrera-la-bomba-50-ml,La Bomba,carolina-herrera,,Eau de Parfum,Mujer,Floral,,50:646,,50,,,,,,,3,3,,,,,,si,
0064,,giorgio-armani-acqua-di-gio-profumo,Acqua di Giò Profumo,giorgio-armani,,Parfum,Hombre,Acuático,525,100:525,,100,,,,,,,3,3,,,,,,si,
0226,,fragrance-world-bouquet-of-euphoria,Bouquet of Euphoria,fragrance-world,,Eau de Parfum,Mujer,Floral,658,100:658,,100,,,,,,,3,3,,,,,,si,
0227,,fragrance-world-nectar-of-ecstasy,Nectar of Ecstasy,fragrance-world,,Eau de Parfum,Unisex,Oriental,658,100:658,,100,,,,,,,3,3,,,,,,si,
0228,,fragrance-world-creme-of-clouds,Creme of Clouds,fragrance-world,,Eau de Parfum,Mujer,Gourmand,658,100:658,,100,,,,,,,3,3,,,,,,si,
0231,,jacques-bogart-silver-scent,Silver Scent,jacques-bogart,,Eau de Toilette,Hombre,Oriental,525,100:525,,100,,,,,,,3,3,,,,,,si,
0251,,le-labo-another-13,Another 13,le-labo,,Eau de Parfum,Unisex,Amaderado,589,100:589,,100,,,,,,,3,3,,,,,,si,
0242,,louis-vuitton-imagination,Imagination,louis-vuitton,,Eau de Parfum,Hombre,Cítrico,539,100:539,,100,,,,,,,3,3,,,,,si,si,
0243,,louis-vuitton-apogee,Apogée,louis-vuitton,,Eau de Parfum,Mujer,Floral,539,100:539,,100,,,,,,,3,3,,,,,,si,
0244,,louis-vuitton-california-dream,California Dream,louis-vuitton,,Eau de Parfum,Unisex,Cítrico,539,100:539,,100,,,,,,,3,3,,,,,si,si,
0245,,louis-vuitton-pacific-chill,Pacific Chill,louis-vuitton,,Eau de Parfum,Unisex,Cítrico,539,100:539,,100,,,,,,,3,3,,,,,si,si,
0246,,louis-vuitton-afternoon-swim,Afternoon Swim,louis-vuitton,,Eau de Parfum,Unisex,Cítrico,539,100:539,,100,,,,,,,3,3,,,,,si,si,
0217,,azzaro-the-most-wanted-edt-intense,The Most Wanted EDT Intense,azzaro,,Eau de Toilette,Hombre,Especiado,560,100:560,,100,,,,,,,3,3,,,,,,si,
0218,,azzaro-the-most-wanted-parfum,The Most Wanted Parfum,azzaro,,Parfum,Hombre,Amaderado,560,100:560,,100,,,,,,,3,3,,,,,,si,
0219,,azzaro-the-most-wanted-edp-intense,The Most Wanted EDP Intense,azzaro,,Eau de Parfum,Hombre,Oriental,560,100:560,,100,,,,,,,3,3,,,,,,si,
0302,,bond-no-9-new-york-nights,New York Nights,bond-no-9,,Eau de Parfum,Unisex,Amaderado,589,100:589,,100,,,,,,,3,3,,,,,,si,
0303,,bond-no-9-chez-bond,Chez Bond,bond-no-9,,Eau de Parfum,Hombre,Amaderado,589,100:589,,100,,,,,,,3,3,,,,,,si,
0261,,bharara-viking-cairo,Viking Cairo,bharara,,Eau de Parfum,Unisex,Oriental,719,100:719,,100,,,,,,,3,3,,,,,si,si,
0262,,bharara-viking-rio,Viking Rio,bharara,,Eau de Parfum,Unisex,Cítrico,719,100:719,,100,,,,,,,3,3,,,,,,si,
0283,,rasasi-hawas-elixir,Hawas Elixir,rasasi,,Eau de Parfum,Hombre,Oriental,604,100:604,,100,,,,,,,3,3,,,,,,si,
0284,,rasasi-hawas-diva,Hawas Diva,rasasi,,Eau de Parfum,Mujer,Floral,604,100:604,,100,,,,,,,3,3,,,,,,si,
0238,,armaf-odyssey-marshmallow,Odyssey Marshmallow,armaf,,Eau de Parfum,Unisex,Gourmand,609,100:609,,100,,,,,,,3,3,,,,,,si,
0286,,rasasi-hawas-kobra,Hawas Kobra,rasasi,,Eau de Parfum,Hombre,Amaderado,604,100:604,,100,,,,,,,3,3,,,,,,si,
0300,,lattafa-khamrah-karaz,Khamrah Karaz,lattafa,,Eau de Parfum,Unisex,Gourmand,609,100:609,,100,,,,,,,3,3,,,,,,si,
0209,,bharara-chocolate,Chocolate,bharara,,Eau de Parfum,Unisex,Gourmand,719,100:719,,100,,,,,,,3,3,,,,,,si,
0210,,bharara-bleu,Bleu,bharara,,Eau de Parfum,Hombre,Amaderado,719,100:719,,100,,,,,,,3,3,,,,,,si,
0211,,bharara-king-gold-edition,King Gold Edition,bharara,,Eau de Parfum,Hombre,Oriental,719,100:719,,100,,,,,,,3,3,,,,,,si,
0212,,armaf-odyssey-revolution-ultra-edition,Odyssey Revolution Ultra Edition,armaf,,Eau de Parfum,Hombre,Amaderado,609,100:609,,100,,,,,,,3,3,,,,,,si,
0213,,armaf-odyssey-spectra-blue-edition,Odyssey Spectra Blue Edition,armaf,,Eau de Parfum,Hombre,Acuático,609,100:609,,100,,,,,,,3,3,,,,,,si,
0255,,afnan-supremacy-not-only-intense,Supremacy Not Only Intense,afnan,,Parfum,Hombre,Chipre,633,100:633,,100,,,,,,,3,3,,,,,,si,
0285,,rasasi-hawas-malibu,Hawas Malibu,rasasi,,Eau de Parfum,Hombre,Acuático,604,100:604,,100,,,,,,,3,3,,,,,,si,
0287,,rasasi-hawas-pink,Hawas Pink,rasasi,,Eau de Parfum,Mujer,Floral,604,100:604,,100,,,,,,,3,3,,,,,,si,
0214,,armaf-odyssey-go-mango,Odyssey Go Mango,armaf,,Eau de Parfum,Unisex,Gourmand,609,100:609,,100,,,,,,,3,3,,,,,,si,
0215,,armaf-odyssey-black-forest,Odyssey Black Forest,armaf,,Eau de Parfum,Unisex,Gourmand,609,100:609,,100,,,,,,,3,3,,,,,,si,
0216,,armaf-odyssey-toffee-coffee,Odyssey Toffee Coffee,armaf,,Eau de Parfum,Unisex,Gourmand,609,100:609,,100,,,,,,,3,3,,,,,,si,
0267,,bharara-king,King,bharara,,Eau de Parfum,Hombre,Amaderado,719,100:719,,100,,,,,,,3,3,,,,,,si,
0280,,french-avenue-atlantis,Atlantis,french-avenue,,Parfum,Unisex,Acuático,695,100:695,,100,,,,,,,3,3,,,,,,si,
0281,,french-avenue-irida,Irida,french-avenue,,Parfum,Mujer,Floral,695,100:695,,100,,,,,,,3,3,,,,,,si,
0308,,lattafa-eclaire-banoffi,Éclaire Banoffi,lattafa,,Eau de Parfum,Mujer,Gourmand,619,100:619,,100,,,,,,,3,3,,,,,,si,
0309,,lattafa-eclaire-pistache,Éclaire Pistache,lattafa,,Eau de Parfum,Mujer,Gourmand,619,100:619,,100,,,,,,,3,3,,,,,,si,
0310,,lattafa-habik-for-women,Habik for Women,lattafa,,Eau de Parfum,Mujer,Floral,646,100:646,,100,,,,,,,3,3,,,,,,si,
0311,,lattafa-habik-for-men,Habik for Men,lattafa,,Eau de Parfum,Hombre,Especiado,646,100:646,,100,,,,,,,3,3,,,,,,si,
0252,,afnan-supremacy-noir,Supremacy Noir,afnan,,Eau de Parfum,Hombre,Amaderado,633,100:633,,100,,,,,,,3,3,,,,,,si,
0253,,afnan-supremacy-collector-s-edition,Supremacy Collector's Edition,afnan,,Eau de Parfum,Hombre,Amaderado,633,100:633,,100,,,,,,,3,3,,,,,si,si,
0254,,afnan-supremacy-incense,Supremacy Incense,afnan,,Eau de Parfum,Unisex,Especiado,633,100:633,,100,,,,,,,3,3,,,,,,si,
0304,,lattafa-bade-e-al-oud-amethyst,Bade'e Al Oud Amethyst,lattafa,,Eau de Parfum,Unisex,Oriental,569,100:569,,100,,,,,,,3,3,,,,,,si,
0299,,lattafa-khamrah-dukhan,Khamrah Dukhan,lattafa,,Eau de Parfum,Unisex,Especiado,609,100:609,,100,,,,,,,3,3,,,,,,si,
0312,,rasasi-hawas-atlantis,Hawas Atlantis,rasasi,,Eau de Parfum,Hombre,Acuático,604,100:604,,100,,,,,,,3,3,,,,,,si,
0314,,rasasi-hawas-viper,Hawas Viper,rasasi,,Eau de Parfum,Hombre,Especiado,604,100:604,,100,,,,,,,3,3,,,,,,si,
0313,,rasasi-hawas-verde,Hawas Verde,rasasi,,Eau de Parfum,Hombre,Cítrico,604,100:604,,100,,,,,,,3,3,,,,,,si,
0305,,armaf-yum-yum,Yum Yum,armaf,,Eau de Parfum,Mujer,Gourmand,695,100:695,,100,,,,,,,3,3,,,,,,si,
0307,,armaf-delights-island-breeze,Delights Island Breeze,armaf,,Eau de Parfum,Unisex,Gourmand,695,100:695,,100,,,,,,,3,3,,,,,,si,
0316,,afnan-9am,9am,afnan,,Eau de Parfum,Unisex,Cítrico,609,100:609,,100,,,,,,,3,3,,,,,,si,
0306,,armaf-island-bliss,Island Bliss,armaf,,Eau de Parfum,Unisex,Gourmand,695,100:695,,100,,,,,,,3,3,,,,,,si,
0272,,valentino-donna-born-in-roma-yellow-dream,Donna Born in Roma Yellow Dream,valentino,,Eau de Parfum,Mujer,Floral,569,100:569,,100,,,,,,,3,3,,,,,,si,
0276,,valentino-uomo-intense,Uomo Intense,valentino,,Eau de Parfum,Hombre,Oriental,569,100:569,,100,,,,,,,3,3,,,,,,si,
0277,,valentino-uomo-born-in-roma-extradose,Uomo Born in Roma Extradose,valentino,,Parfum,Hombre,Amaderado,569,100:569,,100,,,,,,,3,3,,,,,,si,
0278,,valentino-uomo-born-in-roma-rockstud-noir,Uomo Born in Roma Rockstud Noir,valentino,,Eau de Toilette,Hombre,Amaderado,569,100:569,,100,,,,,,,3,3,,,,,si,si,
0279,,valentino-uomo-born-in-roma-yellow-dream,Uomo Born in Roma Yellow Dream,valentino,,Eau de Toilette,Hombre,Cítrico,569,100:569,,100,,,,,,,3,3,,,,,si,si,
0318,,xerjoff-purple-accento,Purple Accento,xerjoff,,Eau de Parfum,Unisex,Floral,682,100:682,,100,,,,,,,3,3,,,,,,si,
0237,,armaf-odyssey-homme-white-edition,Odyssey Homme White Edition,armaf,,Eau de Parfum,Hombre,Amaderado,609,100:609,,100,,,,,,,3,3,,,,,,si,
0317,,french-avenue-vulcan-variante-negra-por-confirmar-0317,Vulcan (variante negra por confirmar),french-avenue,,Eau de Parfum,Unisex,Especiado,646,100:646,,100,,,,,,,3,3,,,,,,no,Mismo nombre que 0182–0184 pero a 646 en vez de 641 · Oculto: El PDF solo dice «Vulcan 100ml» (frasco negro): falta la variante
0195,,lattafa-atheeri,Atheeri,lattafa,,Eau de Parfum,Unisex,Oriental,695,100:695,,100,,,,,,,3,3,,,,,,si,
0315,,bharara-rose,Rose,bharara,,Eau de Parfum,Mujer,Floral,719,100:719,,100,,,,,,,3,3,,,,,,si,
0328,,armaf-bon-bon,Bon Bon,armaf,,Eau de Parfum,Unisex,Gourmand,695,100:695,,100,,,,,,,3,3,,,,,,si,
0268,,valentino-donna,Donna,valentino,,Eau de Parfum,Mujer,Floral,569,100:569,,100,,,,,,,3,3,,,,,,si,
0269,,valentino-donna-born-in-roma,Donna Born in Roma,valentino,,Eau de Parfum,Mujer,Floral,569,100:569,,100,,,,,,,3,3,,,,,,si,
0270,,valentino-donna-born-in-roma-green-stravaganza,Donna Born in Roma Green Stravaganza,valentino,,Eau de Parfum,Mujer,Floral,569,100:569,,100,,,,,,,3,3,,,,,,si,
0271,,valentino-donna-born-in-roma-extradose,Donna Born in Roma Extradose,valentino,,Parfum,Mujer,Oriental,569,100:569,,100,,,,,,,3,3,,,,,,si,"El catálogo repite el nombre de 0269; la caja dice Extradose"
0274,,valentino-uomo-born-in-roma-green-stravaganza,Uomo Born in Roma Green Stravaganza,valentino,,Eau de Parfum,Hombre,Amaderado,569,100:569,,100,,,,,,,3,3,,,,,si,si,
0298,,rasasi-hawas-eclat,Hawas Eclat,rasasi,,Eau de Parfum,Mujer,Floral,604,100:604,,100,,,,,,,3,3,,,,,,si,
0275,,valentino-uomo-born-in-roma-ivory,Uomo Born in Roma Ivory,valentino,,Eau de Parfum,Hombre,Amaderado,569,100:569,,100,,,,,,,3,3,,,,,,si,
0288,,carolina-herrera-212-vip,212 VIP,carolina-herrera,,Eau de Parfum,Mujer,Gourmand,589,100:589,,100,,,,,,,3,3,,,,,si,si,
0290,,carolina-herrera-212-vip-black,212 VIP Black,carolina-herrera,,Eau de Parfum,Hombre,Fougère,589,100:589,,100,,,,,,,3,3,,,,,si,si,
0291,,carolina-herrera-212-vip-men-wild-party,212 VIP Men Wild Party,carolina-herrera,,Eau de Parfum,Hombre,Especiado,589,100:589,,100,,,,,,,3,3,,,,,,si,
0292,,carolina-herrera-212-vip-rose-extra,212 VIP Rosé Extra,carolina-herrera,,Eau de Parfum,Mujer,Floral,589,100:589,,100,,,,,,,3,3,,,,,,si,
0293,,carolina-herrera-212-vip-rose,212 VIP Rosé,carolina-herrera,,Eau de Parfum,Mujer,Floral,589,100:589,,100,,,,,,,3,3,,,,,si,si,
0324,,paris-corner-marshmallow-blush,Marshmallow Blush,paris-corner,,Eau de Parfum,Mujer,Gourmand,633,100:633,,100,,,,,,,3,3,,,,,,si,
0250,,afnan-9pm-pour-femme,9pm Pour Femme,afnan,,Eau de Parfum,Mujer,Floral,609,100:609,,100,,,,,,,3,3,,,,,,si,
0339,,rasasi-hawas-london,Hawas London,rasasi,,Eau de Parfum,Unisex,Acuático,604,100:604,,100,,,,,,,3,3,,,,,,si,
0341,,lattafa-musamam-black-intense,Musamam Black Intense,lattafa,,Eau de Parfum,Unisex,Amaderado,646,100:646,,100,,,,,,,3,3,,,,,si,si,
0344,,xerjoff-louis-xv-1722,Louis XV 1722,xerjoff,,Eau de Parfum,Unisex,Oriental,646,100:646,,100,,,,,,,3,3,,,,,,si,
0345,,xerjoff-luxor,Luxor,xerjoff,,Eau de Parfum,Unisex,Oriental,646,100:646,,100,,,,,,,3,3,,,,,,si,
0343,,xerjoff-homme-anniversary,Homme Anniversary,xerjoff,,Eau de Parfum,Hombre,Amaderado,646,100:646,,100,,,,,,,3,3,,,,,,si,
0347,,xerjoff-tony-iommi-deified,Tony Iommi Deified,xerjoff,,Parfum,Unisex,Amaderado,646,100:646,,100,,,,,,,3,3,,,,,,si,
0331,,afnan-9pm-night-out,9pm Night Out,afnan,,Parfum,Hombre,Oriental,670,100:670,,100,,,,,,,3,3,,,,,,si,
0236,,armaf-odyssey-bahamas,Odyssey Bahamas,armaf,,Eau de Parfum,Unisex,Cítrico,609,100:609,,100,,,,,,,3,3,,,,,,si,
0333,,french-avenue-chaos,Chaos,french-avenue,,Parfum,Unisex,Especiado,695,100:695,,100,,,,,,,3,3,,,,,,si,
0342,,orientica-noble,Noble,orientica,,Eau de Parfum,Unisex,Oriental,646,100:646,,100,,,,,,,3,3,,,,,,si,
0356,,sabrina-carpenter-cherry-baby-75-ml,Cherry Baby,sabrina-carpenter,,Eau de Parfum,Mujer,Gourmand,,75:604,,75,,,,,,,3,3,,,,,,si,
0357,,sabrina-carpenter-me-espresso,Me Espresso,sabrina-carpenter,,Eau de Parfum,Mujer,Gourmand,604,100:604,,100,,,,,,,3,3,,,,,,si,
0358,,sabrina-carpenter-caramel-dream,Caramel Dream,sabrina-carpenter,,Eau de Parfum,Mujer,Gourmand,604,100:604,,100,,,,,,,3,3,,,,,,si,
0359,,sabrina-carpenter-sweet-tooth,Sweet Tooth,sabrina-carpenter,,Eau de Parfum,Mujer,Gourmand,604,100:604,,100,,,,,,,3,3,,,,,,si,
0445,,azzaro-forever-wanted-elixir,Forever Wanted Elixir,azzaro,,Eau de Parfum,Hombre,Especiado,560,100:560,,100,,,,,,,3,3,,,,,,si,
0446,,azzaro-wanted,Wanted,azzaro,,Eau de Toilette,Hombre,Especiado,560,100:560,,100,,,,,,,3,3,,,,,,si,
0234,,armaf-odyssey-homme,Odyssey Homme,armaf,,Eau de Parfum,Hombre,Especiado,609,100:609,,100,,,,,,,3,3,,,,,,si,Mismo producto (foto) que 0239
0346,,french-avenue-aether,Aether,french-avenue,,Eau de Parfum,Unisex,Amaderado,695,100:695,,100,,,,,,,3,3,,,,,,si,
0348,,armaf-odyssey-mandarin-sky-vintage-edition,Odyssey Mandarin Sky Vintage Edition,armaf,,Eau de Parfum,Hombre,Gourmand,609,100:609,,100,,,,,,,3,3,,,,,,si,
0325,,french-avenue-veneno-bianco,Veneno Bianco,french-avenue,,Eau de Parfum,Unisex,Oriental,695,100:695,,100,,,,,,,3,3,,,,,,si,
0326,,french-avenue-veneno,Veneno,french-avenue,,Eau de Parfum,Unisex,Oriental,695,100:695,,100,,,,,,,3,3,,,,,,si,
0327,,french-avenue-veneno-scarlet,Veneno Scarlet,french-avenue,,Eau de Parfum,Unisex,Oriental,695,100:695,,100,,,,,,,3,3,,,,,,si,
0321,,giorgio-armani-acqua-di-gio-profondo,Acqua di Giò Profondo,giorgio-armani,,Eau de Parfum,Hombre,Acuático,539,100:539,,100,,,,,,Nuevo,3,3,,,,,,si,Mismo producto que 0045 (agotado)
0322,,giorgio-armani-acqua-di-gio-profondo-lights,Acqua di Giò Profondo Lights,giorgio-armani,,Eau de Parfum,Hombre,Acuático,539,100:539,,100,,,,,,Nuevo,3,3,,,,,si,si,
0323,,giorgio-armani-acqua-di-gio-parfum,Acqua di Giò Parfum,giorgio-armani,,Parfum,Hombre,Acuático,539,100:539,,100,,,,,,Nuevo,3,3,,,,,si,si,
0370,,jean-paul-gaultier-le-male-pride-edition,Le Male Pride Edition,jean-paul-gaultier,,Eau de Toilette,Hombre,Fougère,646,100:646,,100,,,,,,Nuevo,3,3,,,,,,si,
0241,,jean-paul-gaultier-divine,Divine,jean-paul-gaultier,,Eau de Parfum,Mujer,Floral,619,100:619,,100,,,,,,Nuevo,3,3,,,,,,si,
0382,,maison-alhambra-sceptre-oceana,Sceptre Oceana,maison-alhambra,,Eau de Parfum,Hombre,Acuático,670,100:670,,100,,,,,,Nuevo,3,3,,,,,,si,
0383,,maison-alhambra-sceptre-amazonite,Sceptre Amazonite,maison-alhambra,,Eau de Parfum,Hombre,Fougère,670,100:670,,100,,,,,,Nuevo,3,3,,,,,,si,
0384,,maison-alhambra-sceptre-bronzite,Sceptre Bronzite,maison-alhambra,,Eau de Parfum,Hombre,Amaderado,670,100:670,,100,,,,,,Nuevo,3,3,,,,,,si,
0385,,maison-alhambra-sceptre-malachite,Sceptre Malachite,maison-alhambra,,Eau de Parfum,Hombre,Amaderado,670,100:670,,100,,,,,,Nuevo,3,3,,,,,,si,
0405,,ariana-grande-cloud-intense,Cloud Intense,ariana-grande,,Eau de Parfum,Mujer,Gourmand,589,100:589,,100,,,,,,Nuevo,3,3,,,,,,si,
0366,,xerjoff-tony-iommi-monkey-special,Tony Iommi Monkey Special,xerjoff,,Parfum,Unisex,Amaderado,682,100:682,,100,,,,,,Nuevo,3,3,,,,,,si,
0355,,orientica-nardo-oud,Nardo Oud,orientica,,Eau de Parfum,Unisex,Amaderado,609,100:609,,100,,,,,,Nuevo,3,3,,,,,,si,
0360,,paris-corner-mawj-appletini,Mawj Appletini,paris-corner,,Eau de Parfum,Unisex,Cítrico,627,100:627,,100,,,,,,Nuevo,3,3,,,,,,si,
0365,,xerjoff-coro,Coro,xerjoff,,Eau de Parfum,Unisex,Oriental,707,100:707,,100,,,,,,Nuevo,3,3,,,,,,si,
0367,,al-ezz-oud-hersh-lahab,Hersh Lahab,al-ezz-oud,,Eau de Parfum,Unisex,Oriental,640,100:640,,100,,,,,,Nuevo,3,3,,,,,,si,
0374,,dior-sauvage-elixir,Sauvage Elixir,dior,,Parfum,Hombre,Especiado,589,100:589,,100,,,,,,Nuevo,3,3,,,,,,si,
0361,,paris-corner-mawj-cognac-blaze,Mawj Cognac Blaze,paris-corner,,Eau de Parfum,Unisex,Oriental,627,100:627,,100,,,,,,Nuevo,3,3,,,,,,si,
0362,,paris-corner-mawj-moscow-mule,Mawj Moscow Mule,paris-corner,,Eau de Parfum,Unisex,Cítrico,627,100:627,,100,,,,,,Nuevo,3,3,,,,,,si,
0369,,billie-eilish-no-3,No. 3,billie-eilish,,Eau de Parfum,Unisex,Oriental,646,100:646,,100,,,,,,Nuevo,3,3,,,,,,si,
0403,,armaf-odyssey-pink-pop,Odyssey Pink Pop,armaf,,Eau de Parfum,Mujer,Gourmand,609,100:609,,100,,,,,,Nuevo,3,3,,,,,,si,
0404,,armaf-odyssey-li-chi-lush,Odyssey Li'Chi Lush,armaf,,Eau de Parfum,Mujer,Floral,609,100:609,,100,,,,,,Nuevo,3,3,,,,,,si,
0380,,khadlaj-shiyaaka-snow,Shiyaaka Snow,khadlaj,,Eau de Parfum,Hombre,Amaderado,627,100:627,,100,,,,,,Nuevo,3,3,,,,,,si,
0381,,khadlaj-shiyaaka-shadow,Shiyaaka Shadow,khadlaj,,Eau de Parfum,Hombre,Amaderado,627,100:627,,100,,,,,,Nuevo,3,3,,,,,,si,
0400,,french-avenue-luscious,Luscious,french-avenue,,Eau de Parfum,Unisex,Floral,646,100:646,,100,,,,,,Nuevo,3,3,,,,,,si,
0401,,french-avenue-sweet-paradise,Sweet Paradise,french-avenue,,Eau de Parfum,Unisex,Gourmand,646,100:646,,100,,,,,,Nuevo,3,3,,,,,,si,
0402,,french-avenue-meringue,Meringue,french-avenue,,Eau de Parfum,Unisex,Gourmand,646,100:646,,100,,,,,,Nuevo,3,3,,,,,,si,
0349,,bharara-king-soleil,King Soleil,bharara,,Eau de Parfum,Hombre,Amaderado,719,100:719,,100,,,,,,Nuevo,3,3,,,,,,si,
0408,,carolina-herrera-very-good-girl-80-ml,Very Good Girl,carolina-herrera,,Eau de Parfum,Mujer,Floral,,80:589,,80,,,,,,Nuevo,3,3,,,,,,si,
0410,,carolina-herrera-very-good-girl-glam,Very Good Girl Glam,carolina-herrera,,Eau de Parfum,Mujer,Floral,589,100:589,,100,,,,,,Nuevo,3,3,,,,,,si,
0413,,carolina-herrera-very-good-girl-blush-80-ml,Very Good Girl Blush,carolina-herrera,,Eau de Parfum,Mujer,Floral,,80:589,,80,,,,,,Nuevo,3,3,,,,,,si,
