codigo,codigos_alternos,nombre,marca,ml,concentracion,genero,genero_fuente,categoria,precio_mxn,agotado,imagen,pagina_pdf,nombre_catalogo,nota
0001,,Lattafa Yara,Lattafa,100,EDP,Mujer,catálogo,Perfume,569,no,imagenes/0001.jpg,2,Perfume De Mujer Lattafa Yara EDP 100 mL,
0002,,Lattafa Asad,Lattafa,100,EDP,Hombre,catálogo,Perfume,569,no,imagenes/0002.jpg,2,Asad Lattafa Perfumes Para Hombre 100 Ml Eau De Parfum,
0003,,Lattafa Asad Zanzibar,Lattafa,,,Hombre,catálogo,Perfume,569,no,imagenes/0003.jpg,2,Lattafa Asad Zanzibar Man,
0004,,Lattafa Yara Candy,Lattafa,100,EDP,Mujer,inferido,Perfume,569,no,imagenes/0004.jpg,2,"Perfuma Lattafa Yara Candy Edp, volumen por unidad de 100",
0005,,Lattafa Yara Tous,Lattafa,100,EDP,Mujer,inferido,Perfume,569,no,imagenes/0005.jpg,3,Lattafa Perfume Yara Tous Eau De Parfum 100ml,
0006,,Lattafa Yara Moi,Lattafa,100,EDP,Mujer,inferido,Perfume,569,no,imagenes/0006.jpg,3,Lattafa Yara Moi Edp 100 mL,
0007,,Lattafa Khamrah,Lattafa,100,EDP,Unisex,inferido,Perfume,609,no,imagenes/0007.jpg,3,Lattafa Khamrah 100 Ml Edp,
0008,,Lattafa Khamrah Qahwa,Lattafa,100,EDP,Unisex,inferido,Perfume,609,no,imagenes/0008.jpg,3,Lattafa Khamrah Qahwa Eau De Parfum 100,
0009,,Lattafa Fakhar Men,Lattafa,100,EDP,Hombre,catálogo,Perfume,589,no,imagenes/0009.jpg,3,Lattafa Fakhar Pride Of Lattafa Men Edp 100 mL,
0010,,Lattafa Fakhar Rose,Lattafa,,EDP,Mujer,catálogo,Perfume,589,no,imagenes/0010.jpg,3,Perfume Fakhar Rose Para Mujer De Lattafa Edp,
0011,,Orientica Royal Amber,Orientica,80,EDP,Unisex,catálogo,Perfume,609,no,imagenes/0011.jpg,3,Orientica Royal Amber 80 Ml Edp Spray Unisex,
0012,,Rasasi Hawas for Him,Rasasi,100,EDP,Hombre,inferido,Perfume,589,no,imagenes/0012.jpg,4,Perfume Oriental Rasasi Hawas For HimEdp 100 Ml,
0013,,Versace Eros EDT,Versace,100,EDT,Hombre,catálogo,Perfume,539,sí,imagenes/0013.jpg,4,Versace Eros para hombre Edt 100 mL,
0014,,Versace Eros Flame,Versace,100,EDP,Hombre,catálogo,Perfume,539,sí,imagenes/0014.jpg,4,Versace Eros Flame para hombre Edp 100 mL,
0015,,Armaf Club de Nuit Intense Man,Armaf,105,EDT,Hombre,inferido,Perfume,569,no,imagenes/0015.jpg,4,Armaf Club De Nuit Intense Edt 105 mL,
0016,,Armaf Club de Nuit Woman,Armaf,105,EDP,Mujer,catálogo,Perfume,569,no,imagenes/0016.jpg,4,Armaf Club De Nuit Woman Edp105 mL,
0017,0371,Dior Sauvage EDT,Dior,100,EDT,Hombre,catálogo,Perfume,539,no,imagenes/0017.jpg,4,Perfume Dior Sauvage Eau de Toilette 100 ml Para Hombre,Dos códigos en la misma fila
0018,,Katy Perry Purr,Katy Perry,100,EDP,Mujer,inferido,Perfume,549,no,imagenes/0018.jpg,4,Katy Perry Purr Eau de parfum 100 ml Spray,
0019,,Ariana Grande Cloud,Ariana Grande,100,EDP,Mujer,inferido,Perfume,589,no,imagenes/0019.jpg,5,Ariana Grande Cloud Edp 100 mL,
0020,,Britney Spears Fantasy,Britney Spears,100,EDP,Mujer,inferido,Perfume,539,sí,imagenes/0020.jpg,5,Britney Spears Fantasy EDP Eau de parfum 100 ml para,
0021,,Lancôme Miracle,Lancôme,100,EDP,Mujer,inferido,Perfume,589,no,imagenes/0021.jpg,5,Perfume Miracle De Lancome 100 Ml Eau De,
0022,,Chanel Coco Mademoiselle,Chanel,100,EDP,Mujer,inferido,Perfume,589,no,imagenes/0022.jpg,5,Coco Mademoiselle Eau De Parfum 100,
0023,,Dolce & Gabbana Light Blue Summer Vibes,Dolce & Gabbana,100,EDT,Mujer,inferido,Perfume,589,sí,imagenes/0023.jpg,5,100 ml Edt Gabanna Light Blue Summer Vibes,
0025,,Lattafa Rave Now Black,Lattafa,100,EDP,Hombre,inferido,Perfume,539,no,imagenes/0025.jpg,5,Perfume Lattafa Rave Now Black Eau DeParfum 100ml,
0026,,Lattafa Rave Now White,Lattafa,100,EDP,,,Perfume,539,no,imagenes/0026.jpg,6,Perfume Now Rave White Lattafa Eau DeParfum 100ml,
0027,,Lattafa Qaed Al Fursan,Lattafa,,,Hombre,catálogo,Perfume,539,no,imagenes/0027.jpg,6,Perfume De Hombre Lattafa Qaed AlFursan Eau,
0028,0297,Afnan 9pm,Afnan,100,EDP,Hombre,catálogo,Perfume,589,no,imagenes/0028.jpg,6,Afnan 9pm For Men 100ml Edp,"La celda dice ""Con caja de regalo: 235 pesos / Versión normal: 215 pesos"" pero el precio es 589"
0029,,Bleu de Chanel,Chanel,100,,Hombre,catálogo,Perfume,539,no,imagenes/0029.jpg,6,Bleu de Chanel Paris 100 ml para hombre,
0030,,Dolce & Gabbana Light Blue,Dolce & Gabbana,,EDT,Mujer,catálogo,Perfume,539,no,imagenes/0030.jpg,6,Dolce & Gabbana Eau de toilette para mujer,El nombre no dice Light Blue; la foto sí
0031,,Lattafa Bade'e Al Oud Sublime,Lattafa,100,EDP,Unisex,inferido,Perfume,569,no,imagenes/0031.jpg,6,Lattafa Sublime Badee Al Oud Edp 100 Ml,
0032,,Lattafa Bade'e Al Oud for Glory,Lattafa,,,Unisex,inferido,Perfume,569,no,imagenes/0032.jpg,6,Perfume Lattafa Bade'e Al Oud For,Nombre cortado
0033,,Versace Bright Crystal,Versace,,EDT,Mujer,catálogo,Perfume,539,no,imagenes/0033.jpg,7,Perfume De Mujer Versace Bright CrystalTradicional Edt,
0034,,Versace Yellow Diamond,Versace,90,EDT,Mujer,catálogo,Perfume,539,sí,imagenes/0034.jpg,7,Versace Yellow Eau de toilette 90 ml para mujer,
0035,,Montblanc Legend Spirit,Montblanc,100,EDT,Hombre,catálogo,Perfume,539,sí,imagenes/0035.jpg,7,Montblanc Legend Spirit EDT 100ml para hombre,
0036,,Lacoste Touch of Pink,Lacoste,90,EDT,Mujer,catálogo,Perfume,599,sí,imagenes/0036.jpg,7,Lacoste Touch of Pink EDT 90 ml para mujer,
0037,,Burberry Brit Sheer,Burberry,100,EDT,Mujer,catálogo,Perfume,599,no,imagenes/0037.jpg,7,Perfume Mujer Brit Sheer De Burberry Eau De Toilette 100ml,
0038,,Issey Miyake L'Eau d'Issey,Issey Miyake,100,EDT,Mujer,catálogo,Perfume,599,no,imagenes/0038.jpg,7,Issey Miyake L'eau d'Issey Tradicional EDT 100 ml para mujer,
0039,,Afnan 9am Dive,Afnan,100,EDP,Unisex,catálogo,Perfume,609,no,imagenes/0039.jpg,7,9am Dive Unisex Afnan 100 Ml Edp Spray,
0040,,Paco Rabanne Invictus,Paco Rabanne,100,EDT,Hombre,inferido,Perfume,539,no,imagenes/0040.jpg,8,Invictus Paco Rabanne Eau De Toilette Spray 100ml,
0041,,Versace Pour Homme,Versace,100,EDT,Hombre,catálogo,Perfume,539,no,imagenes/0041.jpg,8,Versace Tradicional Pour Homme Edt 100 Ml Para Hombre,
0042,,Jean Paul Gaultier Le Male,Jean Paul Gaultier,125,EDT,Hombre,inferido,Perfume,569,no,imagenes/0042.jpg,8,Jean Paul Gaultier 125 Ml Edt Spray,
0043,,Versace Eros EDP,Versace,100,EDP,Hombre,catálogo,Perfume,539,sí,imagenes/0043.jpg,8,Versace Eros para hombre Edp 100 mL,Misma foto que 0013 (Eros EDT)
0044,,Versace Man Eau Fraîche,Versace,100,EDT,Hombre,catálogo,Perfume,539,no,imagenes/0044.jpg,8,Versace Eau Fraîche Edt Para Hombre 100 Ml,
0045,,Giorgio Armani Acqua di Giò Profondo,Giorgio Armani,100,EDP,Hombre,inferido,Perfume,539,sí,imagenes/0045.jpg,8,Giorgio Armani Acqua di Gio Profondo EDP 100 ml para,Se repite como 0321 (disponible)
FT046,,Valentino Uomo Born in Roma,Valentino,100,EDT,Hombre,catálogo,Perfume,569,no,imagenes/FT046.jpg,8,Valentino Uomo Born In Roma Eau De Toilette 100,Código con prefijo FT
FT047,,Valentino Uomo Born in Roma Coral Fantasy,Valentino,,,Hombre,catálogo,Perfume,569,no,imagenes/FT047.jpg,9,Perfume Valentino Uomo Born In,Nombre cortado en el catálogo; variante deducida de la foto — confirmar
0048,,"Ariana Grande Thank U, Next",Ariana Grande,100,EDP,Mujer,catálogo,Perfume,569,no,imagenes/0048.jpg,9,"Ariana Grande Thank U, Next Eau De Parfum 100 ml Para Mujer",
0049,,Moschino Toy 2 Bubble Gum,Moschino,100,EDT,Mujer,inferido,Perfume,549,no,imagenes/0049.jpg,9,Moschino Toy 2 Bubble Gum Eau de toilette 100,
0050,,Moschino Toy 2,Moschino,100,EDP,Mujer,catálogo,Perfume,549,no,imagenes/0050.jpg,9,Moschino Toy 2 Eau De Parfum 100 ml Para Mujer,
0051,,Calvin Klein CK One,Calvin Klein,100,EDT,Unisex,inferido,Perfume,529,no,imagenes/0051.jpg,9,CK One One EDT EDT 100ml,
0052,,Calvin Klein CK Be,Calvin Klein,100,EDT,Unisex,inferido,Perfume,529,no,imagenes/0052.jpg,9,Calvin Klein CK Be Eau de toilette Spray 100ml,
0053,,Armaf Club de Nuit Urban Man,Armaf,105,EDP,Hombre,catálogo,Perfume,549,no,imagenes/0053.jpg,9,Armaf Club De Nuit Urban Man 105ml Edp Spray,
0054,,Versace Dylan Blue Pour Homme,Versace,100,EDT,Hombre,catálogo,Perfume,539,no,imagenes/0054.jpg,10,Versace Dylan Blue pour homme Dylan Blue Eau de toilette 100,
0055,,Versace Crystal Noir,Versace,90,EDT,Mujer,catálogo,Perfume,539,sí,imagenes/0055.jpg,10,Crystal Noir EDT 90ml para mujer,
0056,,Versace Dylan Turquoise,Versace,100,EDT,Mujer,catálogo,Perfume,539,sí,imagenes/0056.jpg,10,Dylan Turquoise Inspire EDT 100ml para mujer,
0057,,Armaf Club de Nuit Sillage,Armaf,105,EDP,Hombre,catálogo,Perfume,569,no,imagenes/0057.jpg,10,Armaf Club de Nuit Sillage EDP 105ml para hombre,Se repite como 0160 con otro precio (619)
0059,,Dolce & Gabbana Light Blue 125 ml,Dolce & Gabbana,125,EDT,Mujer,inferido,Perfume,539,sí,imagenes/0059.jpg,10,Dolce & Gabbana Light Blue Eau de toilette 125 ml,
0060,,Ariana Grande Sweet Like Candy,Ariana Grande,100,EDP,Mujer,inferido,Perfume,539,no,imagenes/0060.jpg,10,Ariana Grande Sweet Like Candy Edp 100 Ml,
0061,,Yves Saint Laurent Y EDP,Yves Saint Laurent,100,EDP,Hombre,catálogo,Perfume,539,no,imagenes/0061.jpg,10,Yves Saint Laurent Y Eau De Parfum 100 Ml Para Hombre,
0062,,Giorgio Armani Acqua di Giò,Giorgio Armani,100,EDT,Hombre,inferido,Perfume,549,no,imagenes/0062.jpg,11,Giorgio Armani Clasico Acqua Di Giò Tradicional Edt 100 Ml P,
0063,,Rasasi Hawas Ice,Rasasi,,,Hombre,inferido,Perfume,604,no,imagenes/0063.jpg,11,Rasasi Hawas Ice,
0066,,Moschino Toy Boy,Moschino,,,Hombre,inferido,Perfume,549,sí,imagenes/0066.jpg,11,Moschino Toy,Nombre incompleto
0067,,Ariana Grande Moonlight,Ariana Grande,100,EDP,Mujer,catálogo,Perfume,539,no,imagenes/0067.jpg,11,Moonlight EDP 100ml para mujer,
0068,,Cacharel Amor Amor,Cacharel,100,EDT,Mujer,inferido,Perfume,539,no,imagenes/0068.jpg,11,Perfume cacharelAmor Amor Edt 100 ML,
0069,,Katy Perry Meow,Katy Perry,100,EDP,Mujer,catálogo,Perfume,549,no,imagenes/0069.jpg,11,Katy Perry Meow Eau De Parfum 100 MPara Mujer,
0070,,Lattafa Éclaire,Lattafa,100,EDP,Mujer,catálogo,Perfume,619,no,imagenes/0070.jpg,11,Perfume Lattafa Eclaire 100ml Edp Para Dama,
0071,,Rasasi Hawas Black,Rasasi,,EDP,Hombre,catálogo,Perfume,589,no,imagenes/0071.jpg,12,Perfume Hawas Black Para Hombre De Rasasi Edp,
0072,,Rasasi Hawas Fire,Rasasi,,EDP,Hombre,catálogo,Perfume,589,no,imagenes/0072.jpg,12,Perfume Hawas Fire Para Hombre De Rasasi Edp,
0073,0329,Armaf Odyssey Mandarin Sky,Armaf,,,Hombre,inferido,Perfume,609,no,imagenes/0073.jpg,12,Perfume Armaf Odyssey Mandarin Sky Limited,Dos códigos en la misma fila
0074,,Lattafa Her Confession,Lattafa,100,EDP,Mujer,catálogo,Perfume,725,no,imagenes/0074.jpg,12,Lattafa Her Confession For Women Eau De Parfum 100ml,
0075,,Lattafa His Confession,Lattafa,100,EDP,Hombre,catálogo,Perfume,725,no,imagenes/0075.jpg,12,Lattafa His Confession Eau De Parfum Para Hombre 100 Ml,
0076,,Paris Corner Khair Confection,Paris Corner,,EDP,Unisex,inferido,Perfume,589,sí,imagenes/0076.jpg,12,Paris Corner! Khair Confection Eau De Parfum,
0077,,Paris Corner Khair Pistachio,Paris Corner,100,,Unisex,catálogo,Perfume,589,sí,imagenes/0077.jpg,12,Paris Corner Khair Pistachio Unisex 100 Ml,
0078,,Lattafa Teriaq,Lattafa,100,EDP,Unisex,inferido,Perfume,682,sí,imagenes/0078.jpg,13,Lattafa Teriaq Eau De Parfum 100ml Volumen De La Unidad 100,
0079,,Paris Hilton for Men,Paris Hilton,,EDT,Hombre,catálogo,Perfume,569,no,imagenes/0079.jpg,13,Perfume Paris Hilton For Men Eau de Toilette,
0080,,Lattafa Rave Now Red,Lattafa,100,,,,Perfume,539,sí,imagenes/0080.jpg,13,lattafa red now 100ml,
0081,,Davidoff Cool Water,Davidoff,125,EDT,Hombre,inferido,Perfume,569,no,imagenes/0081.jpg,13,Davidoff Cool Water Eau detoilette 125 ml parahombreDav,
0082,,Jean Paul Gaultier Scandal Pour Homme,Jean Paul Gaultier,100,EDT,Hombre,inferido,Perfume,569,no,imagenes/0082.jpg,13,Jean Paul Gaultier ScandalEau de toilette Spray 100 ml,
0083,,Perry Ellis Reserve for Men,Perry Ellis,100,EDT,Hombre,catálogo,Perfume,569,sí,imagenes/0083.jpg,13,Perry Ellis Reserve forMen Eau de toilette 100 mlpara hombre,
0084,,Perry Ellis 360°,Perry Ellis,100,EDT,Mujer,inferido,Perfume,569,no,imagenes/0084.jpg,13,Perry Ellis Clasico 360 Tradicional Eau de toilette 100,
0085,,Perry Ellis 360° Red,Perry Ellis,100,EDP,Mujer,catálogo,Perfume,569,sí,imagenes/0085.jpg,14,Perfume Perryl Ellis 360Red Eau de parfum 100 mpara mujer,
0086,,Calvin Klein Eternity for Women,Calvin Klein,100,EDP,Mujer,catálogo,Perfume,569,sí,imagenes/0086.jpg,14,Calvin Klein EternityWomen Eau de parfum 100 ml para mujer,
0087,,DKNY Be Delicious Fresh Blossom,DKNY,100,EDP,Mujer,inferido,Perfume,569,no,imagenes/0087.jpg,14,DKNY Be Delicious FreshBlossom Eau de parfum 100ml para,
0088,,Valentino Uomo Born in Roma Intense,Valentino,100,EDP,Hombre,catálogo,Perfume,569,no,imagenes/0088.jpg,14,Valentino Uomo Born In Roma Intense Edp 100 ML,
0092,,Bleu de Chanel EDP,Chanel,100,EDP,Hombre,catálogo,Perfume,539,no,imagenes/0092.jpg,14,Bleu de Chanel EDP 100 ml para hombre,
0093,,Armaf Odyssey Mega,Armaf,100,EDP,Hombre,catálogo,Perfume,609,no,imagenes/0093.jpg,14,Perfume Odyssey Mega Armaf Hombre Eau De Parfum 100ml,
0094,,Orientica Oud Saffron,Orientica,100,EDP,Unisex,inferido,Perfume,609,sí,imagenes/0094.jpg,14,Orientica Luxury Collection Oud Saffron 100ml Edp,
0095,,Orientica Amber Rouge,Orientica,,EDP,Unisex,catálogo,Perfume,609,no,imagenes/0095.jpg,15,Perfume Unisex Orientica Amber Rouge Eau De Parfum,
0096,,Orientica Royal Blue,Orientica,100,EDP,Unisex,inferido,Perfume,609,no,imagenes/0096.jpg,15,Perfume Orientica Royal Blue Eau de Parfum 100 mL,
0097,,Lattafa Musamam,Lattafa,100,EDP,Unisex,catálogo,Perfume,646,no,imagenes/0097.jpg,15,Perfume Lattafa Musamam Unisex Eau De Parfum 100ml,
0098,,Lattafa Musamam White Intense,Lattafa,,EDP,Unisex,catálogo,Perfume,646,no,imagenes/0098.jpg,15,Perfume Unisex Lattafa Musamam White Intense Edp,
0099,0390,Le Labo Santal 33,Le Labo,100,EDP,Unisex,inferido,Perfume,589,sí,imagenes/0099.jpg,15,Perfume Le Labo Santal 33 EDP 100 mL,Dos códigos en la misma fila
0100,,Armaf Odyssey Candee,Armaf,100,EDP,Mujer,catálogo,Perfume,609,no,imagenes/0100.jpg,15,Armaf Odyssey Candee Edp Spray Mujer 100ml,
0101,,Asdaaf Ameer Al Arab,Asdaaf,100,EDP,Hombre,inferido,Perfume,569,no,imagenes/0101.jpg,15,Asdaaf Ameer Al Arab Edp 100ml,
0102,,Asdaaf Ameerat Al Arab,Asdaaf,,,Mujer,inferido,Perfume,569,no,imagenes/0102.jpg,16,Perfume Lattafa Asdaaf Ameerat Al Arab Agua De,
0103,,Asdaaf Ameerat Al Arab Privé Rose,Asdaaf,100,EDP,Mujer,catálogo,Perfume,569,no,imagenes/0103.jpg,16,Lattafa Ameerat Al Arab Prive Rose Women 100ml Edp,
0104,,Asdaaf Ameer Al Arab Imperium,Asdaaf,100,EDP,Hombre,inferido,Perfume,569,no,imagenes/0104.jpg,16,Asdaaf Ameer Al Arab Imperium Eau De Parfum 100ml,
0105,,Jean Paul Gaultier Ultra Male,Jean Paul Gaultier,125,EDT,Hombre,inferido,Perfume,558,no,imagenes/0105.jpg,16,Jean Paul Le Male Ultra 125 Ml Edt,
0106,,DKNY Be Delicious,DKNY,,,Mujer,catálogo,Perfume,569,no,imagenes/0106.jpg,16,Donna Karan DKNY Be Delicious,
0107,,Lattafa Asad Bourbon,Lattafa,100,,Hombre,inferido,Perfume,569,no,imagenes/0107.jpg,16,Lattafa Perfumes Asad Bourbon 100ml,
0108,,Ariana Grande Ari,Ariana Grande,100,EDP,Mujer,catálogo,Perfume,569,sí,imagenes/0108.jpg,16,Ari De Ariana Grande EDP 100 ml Para Mujer,
0111,,Gissah La Luna,Gissah,200,,,,Perfume,719,no,imagenes/0111.jpg,17,Gissah Gissah La Luna 200ml,
0112,,Gissah Hudson Valley,Gissah,200,,,,Perfume,719,no,imagenes/0112.jpg,17,Gissah Hudson Valley 200ml,
0113,,Lattafa Ra'ed Luxe Gold,Lattafa,100,EDP,Unisex,catálogo,Perfume,609,no,imagenes/0113.jpg,17,Lattafa Ra'ed Luxe Gold (unisex) 100ml Edp,
0115,,Davidoff Cool Water Woman,Davidoff,100,EDT,Mujer,catálogo,Perfume,609,no,imagenes/0115.jpg,17,Perfume Para Mujer Davidoff Cool WaterEdt 100 ml,
0116,,Dior Fahrenheit,Dior,100,EDT,Hombre,inferido,Perfume,609,no,imagenes/0116.jpg,17,Dior Fahrenheit Eau De Toilette 100 Ml Para,
0117,,Ralph Lauren Polo Sport,Ralph Lauren,125,EDT,Hombre,catálogo,Perfume,609,no,imagenes/0117.jpg,17,Ralph Lauren Polo Sport Perfume Para Hombre Edt 125ml,
0119,,Salvatore Ferragamo Incanto Shine,Salvatore Ferragamo,,,Mujer,catálogo,Perfume,609,no,imagenes/0119.jpg,17,Perfume Incanto Shine Para Mujer Salvatore Ferragamo,
0120,,Clinique Happy for Men,Clinique,100,Cologne,Hombre,catálogo,Perfume,609,sí,imagenes/0120.jpg,18,Perfume Happy Hombre De Clinique Cologne 100 Ml,
0121,,Lacoste L.12.12 Blanc,Lacoste,100,EDT,Hombre,inferido,Perfume,609,sí,imagenes/0121.jpg,18,Lacoste Blanc 100ml Edt Spray,
0122,,Creed Aventus,Creed,100,,Hombre,catálogo,Perfume,612,no,imagenes/0122.jpg,18,Aventus 100 ml Para Hombre,
0123,,Nautica Voyage,Nautica,100,EDT,Hombre,catálogo,Perfume,534,no,imagenes/0123.jpg,18,Perfume Nautica Voyage 100ml EDT para Hombre,
0124,,Armaf Club de Nuit Iconic,Armaf,105,EDP,Hombre,inferido,Perfume,619,no,imagenes/0124.jpg,18,Perfume Armaf Club de Nuit Iconic Eau de Parfum 105 mL,
0125,,Set Lattafa 3+2 (30 ml),Lattafa,30,,,,Set,695,sí,imagenes/0125.jpg,18,lattafa 3+2 30ml,
0126,,Lattafa (nombre por confirmar),Lattafa,100,EDP,,,Perfume,589,no,imagenes/0126.jpg,18,"Edp Lattafa, 100","Nombre incompleto: sólo dice ""Edp Lattafa, 100"""
0127,,Lattafa (nombre por confirmar),Lattafa,100,EDP,,,Perfume,589,sí,imagenes/0127.jpg,19,"Edp Lattafa, 100","Nombre incompleto: sólo dice ""Edp Lattafa, 100"""
0128,,Sultan Al Quloob,,,,Unisex,inferido,Perfume,543,no,imagenes/0128.jpg,19,Dubai perfume Sultan al quoob Sudan Heart Arab perfume,
0129,,Lattafa Musk Mood,Lattafa,100,EDP,,,Perfume,589,sí,imagenes/0129.jpg,19,"Perfume Musk Mood Edp Lattafa, 100 ml",
0130,,Lattafa Oud Mood Elixir,Lattafa,100,EDP,Unisex,inferido,Perfume,589,no,imagenes/0130.jpg,19,"Perfume árabe Oud Mood Elixir Edp Lattafa, 100 ml",
0131,,Lattafa Oud Mood Reminiscence,Lattafa,,EDP,Unisex,inferido,Perfume,589,no,imagenes/0131.jpg,19,Perfume Lattafa Oud Mood Reminiscence Eau de Parfum,
0132,,Lattafa Khamrah 50 ml,Lattafa,50,EDP,Unisex,inferido,Perfume,529,no,imagenes/0132.jpg,19,Lattafa Khamrah 50ml,
0133,,Lattafa Khamrah Qahwa 50 ml,Lattafa,50,EDP,Unisex,inferido,Perfume,529,no,imagenes/0133.jpg,19,Lattafa Khamrah Qahwa 50ml,
0134,,Lattafa Khamrah Dukhan 50 ml,Lattafa,50,EDP,Unisex,inferido,Perfume,529,no,imagenes/0134.jpg,20,Lattafa Khamrah Dukhan 50ml,
0135,,Set Gissah 2 × 90 ml,Gissah,90,,,,Set,731,no,imagenes/0135.jpg,20,GISSAH 90ml*2,
0136,,Valentino Donna Born in Roma Intense,Valentino,100,,Mujer,catálogo,Perfume,569,sí,imagenes/0136.jpg,20,Valentino Donna Born In Roma Intense 100ml,
0137,,Valentino Donna Born in Roma Pink PP,Valentino,100,,Mujer,catálogo,Perfume,569,no,imagenes/0137.jpg,20,Valentino Donna Born In Roma Pink PP 100ml,
0138,,Valentino Donna Born in Roma The Gold,Valentino,100,,Mujer,catálogo,Perfume,569,no,imagenes/0138.jpg,20,Valentino Donna Born In Roma The Gold 100ml,
0139,,Valentino Donna Born in Roma Coral Fantasy,Valentino,100,,Mujer,catálogo,Perfume,569,no,imagenes/0139.jpg,20,Valentino Donna Born In Roma Coral Fantasy 100ml,
0140,,Valentino Uomo Born in Roma The Gold,Valentino,100,,Hombre,catálogo,Perfume,569,no,imagenes/0140.jpg,20,Valentino Uomo Born In Roma The Gold 100ml,
0141,,Perry Ellis 360° for Men,Perry Ellis,,,Hombre,catálogo,Perfume,569,no,imagenes/0141.jpg,21,Perry Ellis 360° for Men,
0142,,Perry Ellis Reserve,Perry Ellis,,,,,Perfume,569,no,imagenes/0142.jpg,21,Perry Ellis Reserve,
0144,,Jean Paul Gaultier Scandal Pour Homme Intense,Jean Paul Gaultier,100,,Hombre,catálogo,Perfume,569,no,imagenes/0144.jpg,21,"Jean Paul Gaultier Scandal Pour Homme Intense 100ml, 2025",
0145,,Chanel Coco Mademoiselle L'Eau Privée,Chanel,100,,Mujer,inferido,Perfume,589,sí,imagenes/0145.jpg,21,COCO MADEMOISELLE L'EAU PRIVÉE Eau Pour la Nuit 100ML,
0146,0373,Dior Sauvage Parfum,Dior,,Parfum,Hombre,inferido,Perfume,539,no,imagenes/0146.jpg,21,Dior Dior Sauvage Parfum Blue Gradient,Dos códigos en la misma fila
0147,,Lancôme La Vie Est Belle,Lancôme,100,EDP,Mujer,catálogo,Perfume,534,no,imagenes/0147.jpg,21,"Lancôme La Vie Est Belle Perfume de Mujer, Eau de Parfum 100ml",
0148,,Hugo Boss Hugo Just Different,Hugo Boss,125,EDT,Hombre,catálogo,Perfume,534,no,imagenes/0148.jpg,22,Perfume Just Different Hugo Boss EDT 125ml para hombre,
0149,,Armaf Odyssey Limoni Fresh,Armaf,100,EDP,Hombre,catálogo,Perfume,609,no,imagenes/0149.jpg,22,Armaf Odyssey Limoni Fresh Edp 100 Ml Hombre,
0150,,Armaf Odyssey Spectra,Armaf,100,EDP,Hombre,catálogo,Perfume,609,no,imagenes/0150.jpg,22,Perfume Armaf Odyssey Spectra Hombre 100ml Eau de Parfum,
0151,,Armaf Odyssey Dubai Chocolat,Armaf,100,EDP,Unisex,catálogo,Perfume,609,no,imagenes/0151.jpg,22,Perfume Unisex Armaf Odyssey Dubai Chocolat Edp 100 Ml,
0152,,Hugo Boss Hugo Iced,Hugo Boss,125,,Hombre,inferido,Perfume,534,no,imagenes/0152.jpg,22,Hugo Boss Hugo Iced 125ml,
0153,,Hugo Boss Hugo Man,Hugo Boss,125,,Hombre,catálogo,Perfume,534,sí,imagenes/0153.jpg,22,Hugo BossHugo Man 125ml,
0154,,Jean Paul Gaultier Le Beau Le Parfum Intense,Jean Paul Gaultier,125,EDP,Hombre,catálogo,Perfume,599,no,imagenes/0154.jpg,22,Jean Paul Gaultier Le Parfum Intense 125ml Hombre Edp,
0155,,Jean Paul Gaultier Le Male Le Parfum,Jean Paul Gaultier,125,EDP,Hombre,inferido,Perfume,599,no,imagenes/0155.jpg,23,Jean Paul Gaultier Le Male Le Parfum Edp Intense 125ml,
0156,,Jean Paul Gaultier Le Male Elixir,Jean Paul Gaultier,125,Parfum,Hombre,catálogo,Perfume,599,no,imagenes/0156.jpg,23,Jean Paul Gaultier Le Male Elixir Parfum 125ml para hombre,
0157,,Jean Paul Gaultier Le Beau Flower Edition,Jean Paul Gaultier,,EDP,Hombre,catálogo,Perfume,599,sí,imagenes/0157.jpg,23,Perfume Hombre Jean Paul Gaultier Le Beau Flower Edp,
0158,0399,Armaf Club de Nuit Urban Man Elixir,Armaf,105,EDP,Hombre,catálogo,Perfume,569,no,imagenes/0158.jpg,23,Armaf Club De Nuit Urban Elixir Hombre Edp 105ml,Dos códigos en la misma fila
0159,,Bond No. 9 Bleecker Street,Bond No. 9,100,EDP,Unisex,inferido,Perfume,589,no,imagenes/0159.jpg,23,Bond No.9 Bleecker Street 100ml Edp Spray Volumen de la,
0160,,Armaf Club de Nuit Sillage,Armaf,105,EDP,Hombre,catálogo,Perfume,619,no,imagenes/0160.jpg,23,Armaf Club de Nuit Sillage EDP 105ml para hombre,"Mismo producto que 0057, que cuesta 569"
0161,,Montblanc Explorer,Montblanc,100,,Hombre,inferido,Perfume,560,no,imagenes/0161.jpg,23,Perfume Montblanc Explorer 100 ml,
0162,,Afnan 9pm Elixir,Afnan,100,Parfum,Hombre,inferido,Perfume,609,no,imagenes/0162.jpg,24,Afnan 9pm Elixir Parfum Intense 100ml Spray,
0163,,Hugo Boss Boss Bottled Oud Saffron,Hugo Boss,100,,Hombre,inferido,Perfume,551,sí,imagenes/0163.jpg,24,Hugo Boss Boss Bottled Oud Saffron 100ML,
0164,,Hugo Boss Boss Bottled Absolu,Hugo Boss,100,Parfum,Hombre,inferido,Perfume,551,sí,imagenes/0164.jpg,24,Perfume Boss Bottled Absolu Parfum - Hugo Boss - Spray 100ml,
0165,,Hugo Boss Boss Bottled Bold Citrus,Hugo Boss,100,,Hombre,catálogo,Perfume,551,no,imagenes/0165.jpg,24,Boss Bottled Bold Citrus Hugo Boss for men 100ML,
0166,,Hugo Boss Boss Bottled Night,Hugo Boss,100,EDT,Hombre,inferido,Perfume,551,no,imagenes/0166.jpg,24,Boss Bottled Night De Hugo Boss Eau De Toilette 100 Ml,
0167,,Paris Hilton,Paris Hilton,100,EDP,Mujer,inferido,Perfume,569,no,imagenes/0167.jpg,24,Paris Hilton Eau de parfum 100 ml paramujer,
0168,,Rasasi Hawas Tropical,Rasasi,100,EDP,Hombre,inferido,Perfume,604,no,imagenes/0168.jpg,24,Rasasi Hawas Tropical Eau De Parfum 100Ml Para,
0169,,Lattafa Angham,Lattafa,100,EDP,Unisex,catálogo,Perfume,609,no,imagenes/0169.jpg,25,Perfume Lattafa Angham Edp 100ml Unisex,
0170,,Rasasi Hawas for Her,Rasasi,100,EDP,Mujer,catálogo,Perfume,604,no,imagenes/0170.jpg,25,Rasasi Hawas For Her 100ml Edp,
0171,,Armaf Odyssey Wild One Gold Edition,Armaf,100,EDP,Hombre,catálogo,Perfume,609,no,imagenes/0171.jpg,25,Armaf Odyssey Wild One Gold Edition Men 100ml Edp,
0172,,Armaf Odyssey Aoud,Armaf,100,EDP,Hombre,catálogo,Perfume,609,no,imagenes/0172.jpg,25,Armaf Odyssey Aoud Eau De Parfum 100 Ml Para Hombre,
0173,,Armaf Odyssey Artisto Red Edition,Armaf,100,,Hombre,inferido,Perfume,609,no,imagenes/0173.jpg,25,Perfume Armaf Odyssey Artisto Red Edition 100mL,
0174,,Armaf Odyssey Mandarin Sky Elixir,Armaf,100,EDP,Hombre,inferido,Perfume,609,no,imagenes/0174.jpg,25,Perfume Armaf Odyssey Mandarin Elixir Edp 100ml,
0175,,Lattafa Hayaati,Lattafa,100,EDP,Hombre,inferido,Perfume,569,no,imagenes/0175.jpg,25,Perfume Hayaati De Lattafa 100ml Eau de parfum,
0176,,Lattafa Hayaati Al Maleky,Lattafa,,,Unisex,catálogo,Perfume,569,no,imagenes/0176.jpg,26,Perfume Unisex Lattafa Hayaati Al Maleky Eau De,
0180,,Dumont Nitro Red,Dumont,100,EDP,Hombre,catálogo,Perfume,646,sí,imagenes/0180.jpg,26,Perfume Dumont Nitro Red Pour Homme 100 Ml Edp,
0181,,Dumont Nitro Green,Dumont,100,EDP,Hombre,catálogo,Perfume,646,no,imagenes/0181.jpg,26,Perfume Dumont Nitro Green Edp 100ml Hombre,El catálogo dice Nitro Green pero la caja de la foto dice Nitro Black
0185,,Lattafa Give Me Gourmand Vanilla Freak,Lattafa,,,,,Perfume,670,no,imagenes/0185.jpg,26,Lattafa Give Me Gourmand,Los 6 Give Me Gourmand (0185–0190) tienen el mismo nombre; variante leída en la caja
0186,,Lattafa Give Me Gourmand (variante naranja),Lattafa,,,,,Perfume,670,no,imagenes/0186.jpg,26,Lattafa Give Me Gourmand,Mismo nombre en 6 productos distintos (0185–0190)
0187,,Lattafa Give Me Gourmand Berry on Top,Lattafa,,,,,Perfume,670,no,imagenes/0187.jpg,26,Lattafa Give Me Gourmand,Los 6 Give Me Gourmand (0185–0190) tienen el mismo nombre; variante leída en la caja
0188,,Lattafa Give Me Gourmand (variante morada),Lattafa,,,,,Perfume,670,no,imagenes/0188.jpg,26,Lattafa Give Me Gourmand,Mismo nombre en 6 productos distintos (0185–0190)
0189,,Lattafa Give Me Gourmand (variante chocolate),Lattafa,,,,,Perfume,670,no,imagenes/0189.jpg,27,Lattafa Give Me Gourmand,Mismo nombre en 6 productos distintos (0185–0190)
0190,,Lattafa Give Me Gourmand (variante café),Lattafa,,,,,Perfume,670,no,imagenes/0190.jpg,27,Lattafa Give Me Gourmand,Mismo nombre en 6 productos distintos (0185–0190)
0206,,Set Rasasi Hawas 4 × 30 ml,Rasasi,30,,,,Set,719,sí,imagenes/0206.jpg,27,hawas set 4x30ml,
0207,,Lattafa Yara (variante por confirmar),Lattafa,100,,,,Perfume,569,no,imagenes/0207.jpg,27,yara 100ml,Nombre genérico
0208,,Lattafa Asad Elixir,Lattafa,,,Hombre,inferido,Perfume,569,no,imagenes/0208.jpg,27,Asad Lattafa,El catálogo sólo dice 'Asad Lattafa'; la caja dice Elixir
0232,0330,Armaf Odyssey Aqua,Armaf,100,,,,Perfume,609,no,imagenes/0232.jpg,27,odyssey 100ml,El catálogo dice 'odyssey 100ml'; variante leída en la caja. Códigos escritos '330' y '232'
0233,,Armaf Odyssey Tyrant,Armaf,100,,,,Perfume,609,no,imagenes/0233.jpg,27,odyssey 100ml,El catálogo dice 'odyssey 100ml'; variante leída en la caja
0235,,Armaf Odyssey Eau de Montagne,Armaf,100,,,,Perfume,609,no,imagenes/0235.jpg,28,odyssey 100ml,El catálogo dice 'odyssey 100ml'; variante leída en la caja
0239,,Armaf Odyssey Homme,Armaf,100,,,,Perfume,609,no,imagenes/0239.jpg,28,odyssey 100ml,El catálogo dice 'odyssey 100ml'; la foto es la misma que 0234
HZP4,,CeraVe Loción Hidratante (piel seca),CeraVe,,,,,Cuidado de la piel,370,no,imagenes/HZP4.jpg,28,Db Loción Hidratante Cerave For Piel Seca A,No es perfume
HZP5,,CeraVe Limpiador Hidratante (piel normal a seca),CeraVe,,,,,Cuidado de la piel,370,no,imagenes/HZP5.jpg,28,Limpiadora Hidratante Cerave Piel Normal A Seca,No es perfume
HZP2,,Vichy Minéral 89,Vichy,50,,,,Cuidado de la piel,389,no,imagenes/HZP2.jpg,28,Vichy Reforzador Mineral 89 Hidratante 50 Ml Oferta,No es perfume
HZP7,,COSRX Aloe Soothing Sun Cream,COSRX,,,,,Cuidado de la piel,380,no,imagenes/HZP7.jpg,28,Cosrx Aloe Soothing Sun Cream Bloqueador Solar,No es perfume
HZP8,,Anua Heartleaf 77% Toner Pads,Anua,,,,,Cuidado de la piel,389,no,imagenes/HZP8.jpg,28,ANUA Heartleaf 77% Almohadillas Pads de Tónico 70,No es perfume
0182,,French Avenue Vulcan (variante turquesa por confirmar),French Avenue,100,,,,Perfume,641,no,imagenes/0182.jpg,29,Vulcan 100ml,"Nombre genérico; 4 productos se llaman igual (0182, 0183, 0184, 0317)"
0183,,French Avenue Vulcan Sable,French Avenue,100,,,,Perfume,641,no,imagenes/0183.jpg,29,Vulcan 100ml,Nombre genérico en el catálogo; variante leída en la caja
0184,,French Avenue Vulcan Baie,French Avenue,100,,,,Perfume,641,no,imagenes/0184.jpg,29,Vulcan 100ml,Nombre genérico en el catálogo; variante leída en la caja
0220,,Armaf Miss Armaf Dazzling,Armaf,100,EDP,Mujer,catálogo,Perfume,646,no,imagenes/0220.jpg,30,Perfume De Dama Miss Armaf Dazzling Eau De Parfum 100ml,
0221,,Armaf Miss Armaf Chic,Armaf,100,EDP,Mujer,catálogo,Perfume,646,no,imagenes/0221.jpg,30,Armaf Miss Chic 100ml Edp Lady,
0222,,Armaf Miss Armaf Mystique,Armaf,100,EDP,Mujer,catálogo,Perfume,646,no,imagenes/0222.jpg,30,Perfume De Mujer Miss Armaf Mystique Eau De Parfum 100ml,
0223,,Armaf Miss Armaf Grandeur,Armaf,100,EDP,Mujer,catálogo,Perfume,646,no,imagenes/0223.jpg,30,Armaf Miss Grandeur 100ml Edp Lady,
0192,0375,Xerjoff Erba Gold,Xerjoff,,,,,Perfume,646,no,imagenes/0192.jpg,30,,Sin nombre en el catálogo (la celda tiene una foto); la caja parece decir Erba Gold
0193,,Xerjoff (variante por confirmar),Xerjoff,100,,,,Perfume,646,no,imagenes/0193.jpg,30,Xerjoff 100ml,Nombre genérico
0194,,Xerjoff Erba Pura,Xerjoff,100,,,,Perfume,646,no,imagenes/0194.jpg,30,Xerjoff 100ml,"El catálogo dice 'Xerjoff 100ml'; la caja dice Erba Pura. Duplica a 0229 (707, agotado)"
0229,,Xerjoff Erba Pura,Xerjoff,,,Unisex,inferido,Perfume,707,sí,imagenes/0229.jpg,30,XERJOFF Erba Pura,
0225,,Lattafa Fire on Ice,Lattafa,110,EDP,,,Perfume,658,no,imagenes/0225.jpg,31,Fire On Ice Lattafa Eau De Parfum 110m,
ZZPP-A,,Glassky,,,,,,Perfume,529,no,imagenes/ZZPP-A.jpg,31,GLASSKY,Código con formato distinto
0249,,Afnan 9pm Rebel,Afnan,100,EDP,Hombre,catálogo,Perfume,609,no,imagenes/0249.jpg,31,Afnan 9pm Rebel 100ml Edp Spray - Caballero,
0247,,Carolina Herrera La Bomba,Carolina Herrera,50,EDP,Mujer,catálogo,Perfume,646,no,imagenes/0247.jpg,31,La Bomba by Carolina Herrera 1.7oz EDP Spray for WOMEN,
0064,,Giorgio Armani Acqua di Giò Profumo,Giorgio Armani,100,Parfum,Hombre,catálogo,Perfume,525,no,imagenes/0064.jpg,31,Giorgio Armani Acqua di Giò Profumo Parfum 100 ml para hombre,
0226,,Fragrance World Bouquet of Euphoria,Fragrance World,,EDP,,,Perfume,658,no,imagenes/0226.jpg,31,Bouquet Of Euphoria EDP Perfume By Fragrance World,
0227,,Fragrance World Nectar of Ecstasy,Fragrance World,,EDP,,,Perfume,658,no,imagenes/0227.jpg,31,Nectar Of Ecstasy EDP Perfume By Fragrance World,
0228,,Fragrance World Creme of Clouds,Fragrance World,100,EDP,,,Perfume,658,no,imagenes/0228.jpg,31,Fragrance World Creme of Clouds 3.4 oz / 100 ml Eau de Parfum,
0231,,Jacques Bogart Silver Scent,Jacques Bogart,100,,Hombre,inferido,Perfume,525,no,imagenes/0231.jpg,31,jacques bogart 100,
0251,,Le Labo Another 13,Le Labo,100,,Unisex,inferido,Perfume,589,no,imagenes/0251.jpg,32,Le Labo Another 13 100ml -,
0242,,Louis Vuitton Imagination,Louis Vuitton,100,EDP,Hombre,catálogo,Perfume,539,sí,imagenes/0242.jpg,32,Louis Vuitton Imagination Eau de Parfum for Men – Maple Prime 100ml,
0243,,Louis Vuitton Apogée,Louis Vuitton,100,EDP,Mujer,inferido,Perfume,539,no,imagenes/0243.jpg,32,Apogee By Louiis Vuitton EDP Perfume – LUXXPERFUME 100ml,
0244,,Louis Vuitton California Dream,Louis Vuitton,100,EDP,Unisex,catálogo,Perfume,539,sí,imagenes/0244.jpg,32,Louis Vuitton California Dream EDP Retail Bottle Unisex 100ml,
0245,,Louis Vuitton Pacific Chill,Louis Vuitton,100,EDP,Unisex,inferido,Perfume,539,sí,imagenes/0245.jpg,32,Louis Vuitton Pacific Chill – Eau de Parfum – 3.4 FL OZ / 100 ml,
0246,,Louis Vuitton Afternoon Swim,Louis Vuitton,100,,Unisex,inferido,Perfume,539,sí,imagenes/0246.jpg,32,Products by Louis Vuitton: Afternoon Swim 100ml,
0217,,Azzaro The Most Wanted EDT Intense,Azzaro,100,EDT,Hombre,catálogo,Perfume,560,no,imagenes/0217.jpg,32,Men's The Most Wanted Intense EDT Spray 3.4 oz Fragrances,
0218,,Azzaro The Most Wanted Parfum,Azzaro,100,Parfum,Hombre,catálogo,Perfume,560,no,imagenes/0218.jpg,32,Perfume Azzaro The Most Wanted Parfum 100ml Hombre,
0219,,Azzaro The Most Wanted EDP Intense,Azzaro,100,EDP,Hombre,catálogo,Perfume,560,no,imagenes/0219.jpg,32,Perfume Azzaro The Most Wanted Intense EDP Para Hombre 100ml,
0302,,Bond No. 9 New York Nights,Bond No. 9,,EDP,Unisex,catálogo,Perfume,589,no,imagenes/0302.jpg,33,Bond No. 9 New York Nights Eau De Parfum Spray Unisex,
0303,,Bond No. 9 Chez Bond,Bond No. 9,,,Hombre,inferido,Perfume,589,no,imagenes/0303.jpg,33,Bond No. 9 Chez Bond,
0261,,Bharara Viking Cairo,Bharara,100,,Unisex,catálogo,Perfume,719,sí,imagenes/0261.jpg,33,Bharara Viking Cairo 3.4 OZ / 100 ML For Unisex,
0262,,Bharara Viking Rio,Bharara,,,Unisex,catálogo,Perfume,719,no,imagenes/0262.jpg,33,Viking - Rio by Bharara para Unisex,
0283,,Rasasi Hawas Elixir,Rasasi,,,,,Perfume,604,no,imagenes/0283.jpg,33,Hawas Elixir Rasasi perfume,
0284,,Rasasi Hawas Diva,Rasasi,100,EDP,Mujer,inferido,Perfume,604,no,imagenes/0284.jpg,33,Hawas Diva EDP Perfume By Rasasi 3.4oz / 100ml,
0265,,Set Valentino Uomo 4 × 30 ml,Valentino,30,,Hombre,catálogo,Set,719,sí,imagenes/0265.jpg,33,Valentino 30ml+4pcs man,
0266,,Set Valentino Donna 4 × 30 ml,Valentino,30,,Mujer,catálogo,Set,719,sí,imagenes/0266.jpg,33,Valentino 30ml+4pcs mujer,
0238,,Armaf Odyssey Marshmallow,Armaf,,,,,Perfume,609,no,imagenes/0238.jpg,34,ARMAF Odyssey Marshmallow Gourmand,
0286,,Rasasi Hawas Kobra,Rasasi,100,EDP,Hombre,catálogo,Perfume,604,no,imagenes/0286.jpg,34,Rasasi Men's Hawas Kobra EDP Spray 3.4 oz Fragrances,
0300,,Lattafa Khamrah Karaz,Lattafa,,EDP,Unisex,catálogo,Perfume,609,no,imagenes/0300.jpg,34,Khamrah KARAZ by Lattafa perfume for unisex EDP,
0209,,Bharara Chocolate,Bharara,100,EDP,Unisex,catálogo,Perfume,719,no,imagenes/0209.jpg,34,Bharara Chocolate 3.4 Fl Oz / 100 Ml EDP SP Unisex,
0210,,Bharara Bleu,Bharara,100,EDP,Hombre,inferido,Perfume,719,no,imagenes/0210.jpg,34,Bharara Bleu by Bharara Eau de Parfum Spray 3.4 oz,
0211,,Bharara King Gold Edition,Bharara,,EDP,Hombre,inferido,Perfume,719,no,imagenes/0211.jpg,34,Bharara King Gold Edition Eau de Parfum,
0212,,Armaf Odyssey Revolution Ultra Edition,Armaf,100,EDP,Hombre,catálogo,Perfume,609,no,imagenes/0212.jpg,34,Armaf Odyssey Revolution Ultra Edition 3.4oz Edp for Men,
0213,,Armaf Odyssey Spectra Blue Edition,Armaf,100,EDP,Hombre,catálogo,Perfume,609,no,imagenes/0213.jpg,34,"Odyssey Spectra Blue Edition Edp For Men, 100ML",
0255,,Afnan Supremacy Not Only Intense,Afnan,,Extrait,Hombre,catálogo,Perfume,633,no,imagenes/0255.jpg,34,AFNAN SUPREMACY NOT ONLY INTENSE EXTRAIT DE PARFUM SPRAY FOR MEN,
0285,,Rasasi Hawas Malibu,Rasasi,100,EDP,Hombre,catálogo,Perfume,604,no,imagenes/0285.jpg,35,Men's Hawas Malibu EDP Spray 3.4 oz Fragrances,
0287,,Rasasi Hawas Pink,Rasasi,100,EDP,Mujer,catálogo,Perfume,604,no,imagenes/0287.jpg,35,RASASI Hawas Pink para Ella – Vaporizador de Eau de Parfum 100 ml,
0214,,Armaf Odyssey Go Mango,Armaf,100,EDP,,,Perfume,609,no,imagenes/0214.jpg,35,Odyssey Go Mango Eau De Parfum By Armaf 3.4oz (100ML) NEW LAUNCH,
0215,,Armaf Odyssey Black Forest,Armaf,100,EDP,,,Perfume,609,no,imagenes/0215.jpg,35,Armaf Odyssey Black Forest 3.4 oz / 100 ml Eau de Parfum,
0216,,Armaf Odyssey Toffee Coffee,Armaf,,,,,Perfume,609,no,imagenes/0216.jpg,35,"Armaf Odyssey Toffee Coffee - Sweet, Gourmand",
0267,,Bharara King,Bharara,100,EDP,Hombre,catálogo,Perfume,719,no,imagenes/0267.jpg,35,Bharara King EDP Perfume & Cologne for Men 100ML,
0280,,French Avenue Atlantis,French Avenue,100,Extrait,Unisex,catálogo,Perfume,695,no,imagenes/0280.jpg,35,Atlantis Extrait de Parfum Unisex 3.4 Fl Oz,
0281,,French Avenue Irida,French Avenue,100,Extrait,,,Perfume,695,no,imagenes/0281.jpg,35,Irida Extrait EDP 3.4 fl oz de French Avenue,
0308,,Lattafa Éclaire Banoffi,Lattafa,100,EDP,,,Perfume,619,no,imagenes/0308.jpg,36,Lattafa Eclaire Banoffi 3.4oz Eau de Parfum Spray by,
0309,,Lattafa Éclaire Pistache,Lattafa,100,EDP,,,Perfume,619,no,imagenes/0309.jpg,36,Lattafa Eclaire Pistache Eau de Parfum 3.4 oz,
0310,,Lattafa Habik for Women,Lattafa,100,EDP,Mujer,catálogo,Perfume,646,no,imagenes/0310.jpg,36,Habik Eau de Parfum Spray 3.4 oz Women by Lattafa,
0311,,Lattafa Habik for Men,Lattafa,100,EDP,Hombre,catálogo,Perfume,646,no,imagenes/0311.jpg,36,Lattafa Habik Eau de Parfum 3.4oz for Men,
0252,,Afnan Supremacy Noir,Afnan,100,EDP,Hombre,catálogo,Perfume,633,no,imagenes/0252.jpg,36,"Afnan Supremacy Noir Eau de Parfum para hombres, 3.4 fl oz (100 ml)",
0253,,Afnan Supremacy Collector's Edition,Afnan,100,EDP,Hombre,inferido,Perfume,633,sí,imagenes/0253.jpg,36,Supremacy Collector's Edition Eau De Parfum By Afnan 100ml,
0254,,Afnan Supremacy Incense,Afnan,100,EDP,,,Perfume,633,no,imagenes/0254.jpg,36,Afnan Supremacy Incensemen Eau De Parfum Spray 3.4 oz,
0304,,Lattafa Bade'e Al Oud Amethyst,Lattafa,100,EDP,Unisex,catálogo,Perfume,569,no,imagenes/0304.jpg,36,"Lattafa Perfumes Bade'e Al Oud Amethyst for Unisex Eau de Parfum Spray, 3.4 Ounce",
0299,,Lattafa Khamrah Dukhan,Lattafa,100,EDP,Unisex,inferido,Perfume,609,no,imagenes/0299.jpg,37,Lattafa Khamrah Dukhan Edp 100ml,
0312,,Rasasi Hawas Atlantis,Rasasi,,,,,Perfume,604,no,imagenes/0312.jpg,37,Rasasi Hawas Atlantis,
0314,,Rasasi Hawas Viper,Rasasi,,EDP,Hombre,inferido,Perfume,604,no,imagenes/0314.jpg,37,Rasasi Hawas Viper M EDP,
0313,,Rasasi Hawas Verde,Rasasi,100,EDP,,,Perfume,604,no,imagenes/0313.jpg,37,Hawas Verde EDP Perfume By Rasasi 3.4oz / 100ml,
0305,,Armaf Yum Yum,Armaf,,,,,Perfume,695,no,imagenes/0305.jpg,37,Armaf Yum Yum,
0307,,Armaf Delights Island Breeze,Armaf,,,,,Perfume,695,no,imagenes/0307.jpg,37,Armaf island breeze DELIGHTS BON BON,
0316,,Afnan 9am,Afnan,100,EDP,Unisex,catálogo,Perfume,609,no,imagenes/0316.jpg,37,Afnan 9AM Eau de Parfum 3.4oz Unisex,
0306,,Armaf Island Bliss,Armaf,100,EDP,Unisex,catálogo,Perfume,695,no,imagenes/0306.jpg,37,ARMAF Island Bliss 3.4 oz EDP for unisex,
0272,,Valentino Donna Born in Roma Yellow Dream,Valentino,,EDP,Mujer,catálogo,Perfume,569,no,imagenes/0272.jpg,38,Valentino Donna Born In Roma Yellow Dream EDP,
0276,,Valentino Uomo Intense,Valentino,,,Hombre,catálogo,Perfume,569,no,imagenes/0276.jpg,38,Valentino Uomo Intense Cologne - FragranceX,
0277,,Valentino Uomo Born in Roma Extradose,Valentino,100,,Hombre,catálogo,Perfume,569,no,imagenes/0277.jpg,38,Valentino Uomo Born In Roma Extradose 100ml,
0278,,Valentino Uomo Born in Roma Rockstud Noir,Valentino,100,,Hombre,catálogo,Perfume,569,sí,imagenes/0278.jpg,38,Valentino Uomo Born In Roma Rockstud Noir 3.4 oz/100ml,
0279,,Valentino Uomo Born in Roma Yellow Dream,Valentino,100,EDT,Hombre,inferido,Perfume,569,sí,imagenes/0279.jpg,38,Valentino Born In Roma Yellow Dream 3.4 Oz Edt,
0318,,Xerjoff Purple Accento,Xerjoff,,,,,Perfume,682,no,imagenes/0318.jpg,38,Purple Accento Xerjoff,
0237,,Armaf Odyssey Homme White Edition,Armaf,,EDP,Hombre,catálogo,Perfume,609,no,imagenes/0237.jpg,38,Armaf Odyssey Homme White Edition Eau de Parfum,
0317,,French Avenue Vulcan (variante negra por confirmar),French Avenue,100,,,,Perfume,646,no,imagenes/0317.jpg,38,Vulcan 100ml,Mismo nombre que 0182–0184 pero a 646 en vez de 641
0195,,Lattafa Atheeri,Lattafa,100,EDP,Unisex,catálogo,Perfume,695,no,imagenes/0195.jpg,38,Lattafa Atheeri Unisex 100ML Edp Spray,
0315,,Bharara Rose,Bharara,100,EDP,Mujer,catálogo,Perfume,719,no,imagenes/0315.jpg,39,Bharara Rose Eau de Parfum 3.4oz for Women,
0328,,Armaf Bon Bon,Armaf,100,EDP,,,Perfume,695,no,imagenes/0328.jpg,39,Armaf Bon Bon - Eau de Parfum100ml,
0268,,Valentino Donna,Valentino,,EDP,Mujer,catálogo,Perfume,569,no,imagenes/0268.jpg,39,Valentino Donna Eau de Parfum,
0269,,Valentino Donna Born in Roma,Valentino,,,Mujer,catálogo,Perfume,569,no,imagenes/0269.jpg,39,Valentino Donna Born In Roma,
0270,,Valentino Donna Born in Roma Green Stravaganza,Valentino,,,Mujer,catálogo,Perfume,569,no,imagenes/0270.jpg,39,Born in Roma Green Valentino Donna,
0271,,Valentino Donna Born in Roma Extradose,Valentino,,,Mujer,catálogo,Perfume,569,no,imagenes/0271.jpg,39,Valentino Donna Born In Roma,El catálogo repite el nombre de 0269; la caja dice Extradose
0274,,Valentino Uomo Born in Roma Green Stravaganza,Valentino,,,Hombre,catálogo,Perfume,569,sí,imagenes/0274.jpg,39,Uomo Born in Roma Green,
0298,,Rasasi Hawas Eclat,Rasasi,,,Mujer,catálogo,Perfume,604,no,imagenes/0298.jpg,39,Hawas Eclat by Rasasi for Women,
0275,,Valentino Uomo Born in Roma Ivory,Valentino,,,Hombre,catálogo,Perfume,569,no,imagenes/0275.jpg,40,Valentino Uomo Born in Roma Rendez-Vous Ivory,
0288,,Carolina Herrera 212 VIP,Carolina Herrera,,,Mujer,inferido,Perfume,589,sí,imagenes/0288.jpg,40,Carolina Herrera Carolina Hererra 212 VIP,
0290,,Carolina Herrera 212 VIP Black,Carolina Herrera,,EDP,Hombre,inferido,Perfume,589,sí,imagenes/0290.jpg,40,212 VIP Black Eau De Parfum,
0291,,Carolina Herrera 212 VIP Men Wild Party,Carolina Herrera,,,Hombre,catálogo,Perfume,589,no,imagenes/0291.jpg,40,212 VIP Men Wild Party,
0292,,Carolina Herrera 212 VIP Rosé Extra,Carolina Herrera,,,Mujer,inferido,Perfume,589,no,imagenes/0292.jpg,40,Carolina Herrera 212 VIP Rose Extra Limited Edition,
0293,,Carolina Herrera 212 VIP Rosé,Carolina Herrera,,,Mujer,inferido,Perfume,589,sí,imagenes/0293.jpg,40,212 Vip Rose Perfume,
0324,,Paris Corner Marshmallow Blush,Paris Corner,,,Mujer,catálogo,Perfume,633,no,imagenes/0324.jpg,40,Marshmallow Blush by Paris Corner for Women,
0250,,Afnan 9pm Pour Femme,Afnan,100,EDP,Mujer,catálogo,Perfume,609,no,imagenes/0250.jpg,40,Afnan 9 PM Pour Femme Eau de Parfum 100 ml,
0339,,Rasasi Hawas London,Rasasi,,,Unisex,catálogo,Perfume,604,no,imagenes/0339.jpg,41,Rasasi Unisex Hawas London,
0338,,Set Lattafa 5 × 20 ml,Lattafa,20,,,,Set,719,no,imagenes/0338.jpg,41,Lattafa 20ml+5pcs,
0340,,Set Rasasi Hawas 4 × 30 ml,Rasasi,30,,,,Set,719,no,imagenes/0340.jpg,41,Hawas 30m+4pcs,Parecido al 0206 (agotado)
0335,,Set Lattafa Éclaire 4 × 30 ml,Lattafa,30,,,,Set,719,no,imagenes/0335.jpg,41,Lattafa Eclaire 30ml+4pcs,
0336,,Set Lattafa Fakhar 3 × 50 ml,Lattafa,50,,,,Set,719,no,imagenes/0336.jpg,41,Lattafa Fakhar 50ml+3pcs,
0337,,Set Afnan 9pm 4 × 30 ml,Afnan,30,,,,Set,670,no,imagenes/0337.jpg,41,Lattafa 9pm 30ml+4pcs,"El catálogo dice Lattafa, pero la caja de la foto es Afnan"
0341,,Lattafa Musamam Black Intense,Lattafa,,,,,Perfume,646,sí,imagenes/0341.jpg,41,Musamam Black Intense Lattafa,
0344,,Xerjoff Louis XV 1722,Xerjoff,,,,,Perfume,646,no,imagenes/0344.jpg,41,Louis XV 1722 By Xerjoff,
0345,,Xerjoff Luxor,Xerjoff,,,,,Perfume,646,no,imagenes/0345.jpg,41,Xerjoff Luxor,
0343,,Xerjoff Homme Anniversary,Xerjoff,,,Hombre,catálogo,Perfume,646,no,imagenes/0343.jpg,42,Xerjoff Homme Anniversary,
0347,,Xerjoff Tony Iommi Deified,Xerjoff,,,,,Perfume,646,no,imagenes/0347.jpg,42,Tony Iommi Deified Xerjoff,
0331,,Afnan 9pm Night Out,Afnan,100,Extrait,Hombre,inferido,Perfume,670,no,imagenes/0331.jpg,42,9 PM Night Out by Afnan Extrait de Parfum Spray 3.4 oz,
0236,,Armaf Odyssey Bahamas,Armaf,100,EDP,,,Perfume,609,no,imagenes/0236.jpg,42,Armaf Odyssey Ba Ha Mas Eau de Parfum 3.4 oz / 100 ml,
0333,,French Avenue Chaos,French Avenue,,Extrait,,,Perfume,695,no,imagenes/0333.jpg,42,Chaos By French Avenue Extrait de Parfum,
0350,,Set French Avenue Vulcan 4 × 30 ml,French Avenue,30,,,,Set,670,no,imagenes/0350.jpg,42,Vulcan 30ml +4pcs,
0342,,Orientica Noble,Orientica,,EDP,Unisex,catálogo,Perfume,646,no,imagenes/0342.jpg,42,Orientica Unisex Noble EDP,
0356,,Sabrina Carpenter Cherry Baby,Sabrina Carpenter,75,EDP,Mujer,inferido,Perfume,604,no,imagenes/0356.jpg,42,SCENT BEAUTY Sabrina Carpenter Cherry Baby 75ml EDP,
0357,,Sabrina Carpenter Me Espresso,Sabrina Carpenter,,EDP,Mujer,inferido,Perfume,604,no,imagenes/0357.jpg,42,Sabrina Carpenter Me Espresso Eau de Parfum,
0358,,Sabrina Carpenter Caramel Dream,Sabrina Carpenter,,EDP,Mujer,inferido,Perfume,604,no,imagenes/0358.jpg,43,Sabrina Carpenter Caramel Dream Eau de Parfum,
0359,,Sabrina Carpenter Sweet Tooth,Sabrina Carpenter,,EDP,Mujer,inferido,Perfume,604,no,imagenes/0359.jpg,43,Sweet Tooth by Sabrina Carpenter EDP,
0445,,Azzaro Forever Wanted Elixir,Azzaro,,,Hombre,inferido,Perfume,560,no,imagenes/0445.jpg,43,Forever Wanted Elixir,
0446,,Azzaro Wanted,Azzaro,,EDT,Hombre,catálogo,Perfume,560,no,imagenes/0446.jpg,43,Azzaro Wanted Men Eau de Toilette,
0234,,Armaf Odyssey Homme,Armaf,,EDP,Hombre,catálogo,Perfume,609,no,imagenes/0234.jpg,43,Armaf Odyssey Homme para Hombre Eau de Parfum,Mismo producto (foto) que 0239
0346,,French Avenue Aether,French Avenue,,,,,Perfume,695,no,imagenes/0346.jpg,43,Aether French Avenue perfume,
0348,,Armaf Odyssey Mandarin Sky Vintage Edition,Armaf,,,,,Perfume,609,no,imagenes/0348.jpg,43,Armaf Odyssey Mandarin Sky Vintage Edition,
0325,,French Avenue Veneno Bianco,French Avenue,,,,,Perfume,695,no,imagenes/0325.jpg,43,French Avenue Veneno Bianco,
0326,,French Avenue Veneno,French Avenue,,EDP,,,Perfume,695,no,imagenes/0326.jpg,43,Veneno EDP Perfume By Fragrance World French Avenue,
0327,,French Avenue Veneno Scarlet,French Avenue,,,,,Perfume,695,no,imagenes/0327.jpg,43,French Avenue Veneno Scarlet,
0321,,Giorgio Armani Acqua di Giò Profondo,Giorgio Armani,,,Hombre,inferido,Perfume,539,no,imagenes/0321.jpg,44,Acqua Di Giò Profondo,Mismo producto que 0045 (agotado)
0322,,Giorgio Armani Acqua di Giò Profondo Lights,Giorgio Armani,,,Hombre,inferido,Perfume,539,sí,imagenes/0322.jpg,44,Acqua di Giò Profondo Lights Giorgio Armani cologne,
0323,,Giorgio Armani Acqua di Giò Parfum,Giorgio Armani,,Parfum,Hombre,inferido,Perfume,539,sí,imagenes/0323.jpg,44,Acqua di Giò Parfum Giorgio Armani,
0370,,Jean Paul Gaultier Le Male Pride Edition,Jean Paul Gaultier,,EDT,Hombre,inferido,Perfume,646,no,imagenes/0370.jpg,44,Jean Paul Gaultier Le Male Pride Edition EDT,
0241,,Jean Paul Gaultier Divine,Jean Paul Gaultier,,,Mujer,inferido,Perfume,619,no,imagenes/0241.jpg,44,Jean Paul Gaultier Divine,
0382,,Maison Alhambra Sceptre Oceana,Maison Alhambra,,,,,Perfume,670,no,imagenes/0382.jpg,44,Maison Alhambra Sceptre Oceana,
0383,,Maison Alhambra Sceptre Amazonite,Maison Alhambra,,,,,Perfume,670,no,imagenes/0383.jpg,44,Maison Alhambra Sceptre Amazonite,
0384,,Maison Alhambra Sceptre Bronzite,Maison Alhambra,100,EDP,Hombre,catálogo,Perfume,670,no,imagenes/0384.jpg,44,Maison Alhambra Sceptre Bronzite Men 3.4 oz EDP Spray,
0385,,Maison Alhambra Sceptre Malachite,Maison Alhambra,,,,,Perfume,670,no,imagenes/0385.jpg,45,Maison Alhambra SceptreMalachite,
0405,,Ariana Grande Cloud Intense,Ariana Grande,,,Mujer,inferido,Perfume,589,no,imagenes/0405.jpg,45,Ariana Grande Cloud Intense,
0366,,Xerjoff Tony Iommi Monkey Special,Xerjoff,,,,,Perfume,682,no,imagenes/0366.jpg,45,Xerjoff Tony Iommi Monkey Special,
0355,,Orientica Nardo Oud,Orientica,,,,,Perfume,609,no,imagenes/0355.jpg,45,Orientica Premium Nardo Oud,
0360,,Paris Corner Mawj Appletini,Paris Corner,100,EDP,,,Perfume,627,no,imagenes/0360.jpg,45,Paris Corner Mawj Appletini Eau De Parfum Spray 3.4 oz,
0365,,Xerjoff Coro,Xerjoff,,EDP,,,Perfume,707,no,imagenes/0365.jpg,45,Xerjoff Coro Eau de Parfum,
0367,,Al Ezz Oud Hersh Lahab,Al Ezz Oud,100,EDP,,,Perfume,640,no,imagenes/0367.jpg,45,Hersh Lahab EDP Perfume By Al Ezz Oud Perfumes 3.4oz / 100ml,
0374,,Dior Sauvage Elixir,Dior,,,Hombre,inferido,Perfume,589,no,imagenes/0374.jpg,45,Sauvage Elixir by Dior,
0361,,Paris Corner Mawj Cognac Blaze,Paris Corner,,EDP,Unisex,catálogo,Perfume,627,no,imagenes/0361.jpg,45,Unisex Mawj Cognac Blaze EDP,
0362,,Paris Corner Mawj Moscow Mule,Paris Corner,100,EDP,,,Perfume,627,no,imagenes/0362.jpg,46,Mawj Moscow Mule EDP 3.4 Fl Oz,
0369,,Billie Eilish No. 3,Billie Eilish,,EDP,,,Perfume,646,no,imagenes/0369.jpg,46,Billie Eilish Perfume No. 3 Eau de Parfum,
0403,,Armaf Odyssey Pink Pop,Armaf,100,,Mujer,catálogo,Perfume,609,no,imagenes/0403.jpg,46,Odyssey Pink Pop 3.4 oz for women,
0404,,Armaf Odyssey Li'Chi Lush,Armaf,100,,Mujer,catálogo,Perfume,609,no,imagenes/0404.jpg,46,Odyssey Li'Chi Lush 3.4 oz for women,
0380,,Khadlaj Shiyaaka Snow,Khadlaj,,EDP,Hombre,catálogo,Perfume,627,no,imagenes/0380.jpg,46,Khadlaj Shiyaaka Snow Eau de Parfum for Men,
0381,,Khadlaj Shiyaaka Shadow,Khadlaj,100,EDP,,,Perfume,627,no,imagenes/0381.jpg,46,Khadlaj Shiyaaka Shadow Eau de Parfum 100ml,
0400,,French Avenue Luscious,French Avenue,100,,,,Perfume,646,no,imagenes/0400.jpg,46,French Avenue - Luscious - 3.4 oz,
0401,,French Avenue Sweet Paradise,French Avenue,,,,,Perfume,646,no,imagenes/0401.jpg,46,Sweet Paradise French Avenue perfume,
0402,,French Avenue Meringue,French Avenue,,EDP,,,Perfume,646,no,imagenes/0402.jpg,47,Meringue EDP Perfume By Fragrance World French Avenue,
0349,,Bharara King Soleil,Bharara,100,EDP,,,Perfume,719,no,imagenes/0349.jpg,47,Bharara - King Soleil - 100ml - Eau De Parfum,
0408,,Carolina Herrera Very Good Girl,Carolina Herrera,80,EDP,Mujer,catálogo,Perfume,589,no,imagenes/0408.jpg,47,Perfume Carolina Herrera Very Good Girl Mujer EDP 80 ml,
0410,,Carolina Herrera Very Good Girl Glam,Carolina Herrera,,,Mujer,catálogo,Perfume,589,no,imagenes/0410.jpg,47,CAROLINA HERRERA - Very Good Girl Glam para Mujer,
0413,,Carolina Herrera Very Good Girl Blush,Carolina Herrera,80,,Mujer,inferido,Perfume,589,no,imagenes/0413.jpg,47,Zapato Lo Nuevo De Carolina Herrera Very Good Girl Carolina Herrera 80 ML,
